ItemID,Item,Price,Classification
6948153,"Eldon Base for stackable storage shelf, platinum",38.94,Storage & Organization
4950974,"1.7 Cubic Foot Compact ""Cube"" Office Refrigerators",208.16,Appliances
6747204,"Cardinal Slant-D?Ring Binder, Heavy Gauge Vinyl",8.69,Binders and Binder Accessories
824852,R380,195.99,Telephones and Communication
7224702,Holmes HEPA Air Purifier,21.78,Appliances
7149493,G.E. Longer-Life Indoor Recessed Floodlight Bulbs,6.64,Office Furnishings
6549330,"Angle-D Binders with Locking Rings, Label Holders",7.3,Binders and Binder Accessories
8339717,"SAFCO Mobile Desk Side File, Wire Frame",42.76,Storage & Organization
8337620,"SAFCO Commercial Wire Shelving, Black",138.14,Storage & Organization
889180,Xerox 198,4.98,Paper
8810618,Xerox 1980,4.28,Paper
6547483,Advantus Map Pennant Flags and Round Head Tacks,3.95,Rubber Bands
7224132,Holmes HEPA Air Purifier,21.78,Appliances
6849239,"DS/HD IBM Formatted Diskettes, 200/Pack - Staples",47.98,Computer Peripherals
8745998,"Wilson Jones 1"" Hanging DublLock?Ring Binders",5.28,Binders and Binder Accessories
8545453,Ultra Commercial Grade Dual Valve Door Closer,39.89,Office Furnishings
3551251,"#10-4 1/8"" x 9 1/2"" Premium Diagonal Seam Envelopes",15.74,Envelopes
7227257,Hon 4-Shelf Metal Bookcases,100.98,Bookcases
7678885,"Lesro Sheffield Collection Coffee Table, End Table, Center Table, Corner Table",71.37,Tables
1034836,g520,65.99,Telephones and Communication
766725,LX 788,155.99,Telephones and Communication
658431,Avery 52,3.69,Labels
8039739,Plymouth Boxed Rubber Bands by Plymouth,4.71,Rubber Bands
7159473,"GBC Pre-Punched Binding Paper, Plastic, White, 8-1/2"" x 11""",15.99,Binders and Binder Accessories
7750585,"Maxell 3.5"" DS/HD IBM-Formatted Diskettes, 10/Pack",4.89,Computer Peripherals
7810988,Newell 335,2.88,Pens & Art Supplies
8345924,SANFORD Liquid Accent?Tank-Style Highlighters,2.84,Pens & Art Supplies
6718363,Canon PC940 Copier,449.99,Copiers and Fax
8458220,"Tenex Personal Project File with Scoop Front Design, Black",13.48,Storage & Organization
6730251,Col-Erase?Pencils with Erasers,6.08,Pens & Art Supplies
7351412,"Imation 3.5"" DS/HD IBM Formatted Diskettes, 10/Pack",5.98,Computer Peripherals
8795617,"White Dual Perf Computer Printout Paper, 2700 Sheets, 1 Part, Heavyweight, 20 lb",40.99,Paper
8357742,Self-Adhesive Address Labels for Typewriters by Universal,7.31,Labels
6511647,Accessory37,20.99,Telephones and Communication
7018622,Fuji 5.2GB DVD-RAM,40.96,Computer Peripherals
6626313,Bevis Steel Folding Chairs,95.95,Chairs & Chairmats
6519268,Avery Binder Labels,3.89,Binders and Binder Accessories
7245875,Hon Every-Day?Chair Series Swivel Task Chairs,120.98,Chairs & Chairmats
7347851,"IBM Multi-Purpose Copy Paper, 8 1/2 x 11"", Case",30.98,Paper
7145821,Global Troy?Executive Leather Low-Back Tilter,500.98,Chairs & Chairmats
8850634,XtraLife?ClearVue?Slant-D?Ring Binders by Cardinal,7.84,Binders and Binder Accessories
6753329,Computer Printout Paper with Letter-Trim Perforations,18.97,Paper
544779,6160,115.99,Telephones and Communication
658893,Avery 49,2.88,Labels
7233259,Hoover Portapower?Portable Vacuum,4.48,Appliances
8414675,Timeport L7089,125.99,Telephones and Communication
659597,Avery 510,3.75,Labels
8810591,Xerox 1881,12.28,Paper
766879,LX 788,155.99,Telephones and Communication
6747466,"Cardinal Slant-D?Ring Binder, Heavy Gauge Vinyl",8.69,Binders and Binder Accessories
7729666,"Memorex 4.7GB DVD-RAM, 3/Pack",31.78,Computer Peripherals
8519784,Unpadded Memo Slips,3.98,Paper
6592525,"Adams Telephone Message Book W/Dividers/Space For Phone Numbers, 5 1/4""X8 1/2"",",5.88,Paper
6957115,"Eldon Expressions?Desk Accessory, Wood Pencil Holder, Oak",9.65,Office Furnishings
6628194,Bell Sonecor JB700 Caller ID,7.99,Telephones and Communication
6523180,Avery Arch Ring Binders,58.1,Binders and Binder Accessories
6548100,APC 7 Outlet Network SurgeArrest Surge Protector,80.48,Appliances
6865572,"Deflect-o RollaMat Studded, Beveled Mat for Medium Pile Carpeting",92.23,Office Furnishings
6510609,Accessory4,85.99,Telephones and Communication
8043515,Personal Creations?Ink Jet Cards and Labels,11.48,Paper
7243599,High Speed Automatic Electric Letter Opener,1637.53,"Scissors, Rulers and Trimmers"
8810271,Xerox 1966,6.48,Paper
889338,Xerox 213,6.48,Paper
6660368,"Boston Electric Pencil Sharpener, Model 1818, Charcoal Black",28.15,Pens & Art Supplies
7252785,Hammermill CopyPlus Copy Paper (20Lb. and 84 Bright),4.98,Paper
8465143,"Telephone Message Books with Fax/Mobile Section, 5 1/2"" x 3 3/16""",6.35,Paper
6729531,Crate-A-Files?Andrew Gjertsen,7.46,0.59
6549254,"Angle-D Binders with Locking Rings, Label Holders",7.3,Binders and Binder Accessories
5642669,"80 Minute CD-R Spindle, 100/Pack - Staples",39.48,Computer Peripherals
6672941,"Bush Westfield Collection Bookcases, Dark Cherry Finish, Fully Assembled",100.98,Bookcases
4932137,12-1/2 Diameter Round Wall Clock,19.98,Office Furnishings
8324659,SAFCO Arco Folding Chair,276.2,Chairs & Chairmats
3542115,"#10 White Business Envelopes,4 1/8 x 9 1/2",15.67,Envelopes
5121262,3M Office Air Cleaner,25.98,Appliances
7145411,"Global Leather and Oak Executive Chair, Black",300.98,Chairs & Chairmats
8810320,Xerox 1936,19.98,Paper
889331,Xerox 214,6.48,Paper
6758939,Carina Double Wide Media Storage Towers in Natural & Black,80.98,Storage & Organization
8334243,Staples?General Use 3-Ring Binders,1.88,Binders and Binder Accessories
8810407,Xerox 1904,6.48,Paper
7644599,Luxo Professional Combination Clamp-On Lamps,102.3,Office Furnishings
889145,Xerox 217,6.48,Paper
8235856,Revere Boxed Rubber Bands by Revere,1.89,Rubber Bands
6569904,"Acco Smartsocket?Table Surge Protector, 6 Color-Coded Adapter Outlets",62.05,Appliances
8472619,"Tennsco Snap-Together Open Shelving Units, Starter Sets and Add-On Units",279.48,Storage & Organization
7249201,Hon 4070 Series Pagoda?Round Back Stacking Chairs,320.98,Chairs & Chairmats
8810545,Xerox 1887,18.97,Paper
8810122,Xerox 1891,48.91,Paper
659573,Avery 506,4.13,Labels
6682960,"Bush Heritage Pine Collection 5-Shelf Bookcase, Albany Pine Finish, *Special Ord",140.98,Bookcases
7643691,"Lifetime Advantage?Folding Chairs, 4/Carton",218.08,Chairs & Chairmats
7737356,Microsoft Natural Multimedia Keyboard,50.98,Computer Peripherals
8347401,"Staples Wirebound Steno Books, 6"" x 9"", 12/Pack",10.14,Paper
7159639,"GBC Pre-Punched Binding Paper, Plastic, White, 8-1/2"" x 11""",15.99,Binders and Binder Accessories
6634248,Bevis Boat-Shaped Conference Table,262.11,Tables
7636920,"Linden?12"" Wall Clock With Oak Frame",33.98,Office Furnishings
7810363,Newell 326,1.76,Pens & Art Supplies
8028258,Prismacolor Color Pencil Set,19.84,Pens & Art Supplies
8826469,Xerox Blank Computer Paper,19.98,Paper
5415927,600 Series Flip,95.99,Telephones and Communication
7033987,Fellowes Recycled Storage Drawers,111.03,Storage & Organization
8332159,Satellite Sectional Post Binders,43.41,Binders and Binder Accessories
6874404,Deflect-o DuraMat Antistatic Studded Beveled Mat for Medium Pile Carpeting,105.34,Office Furnishings
659368,Avery 487,3.69,Labels
6653622,Bevis Round Conference Table Top & Single Column Base,146.34,Tables
7155639,"GBC Twin Loop?Wire Binding Elements, 9/16"" Spine, Black",15.22,Binders and Binder Accessories
7228520,Hanging Personal Folder File,15.7,Storage & Organization
6640355,"Bevis Round Conference Table Top, X-Base",179.29,Tables
534585,5125,200.99,Telephones and Communication
6931827,Electrix Halogen Magnifier Lamp,194.3,Office Furnishings
6754131,Canon BP1200DH 12-Digit Bubble Jet Printing Calculator,120.97,Office Machines
7036904,Fellowes Black Plastic Comb Bindings,5.81,Binders and Binder Accessories
8055104,Polycom ViewStation?Adapter H323 Videoconferencing Unit,1938.02,Office Machines
7222863,Hon GuestStacker Chair,226.67,Chairs & Chairmats
6927557,Eldon?Wave Desk Accessories,2.08,Office Furnishings
8330147,Sharp AL-1530CS Digital Copier,499.99,Copiers and Fax
8421737,"Tennsco Lockers, Gray",20.98,Storage & Organization
6581293,"Avery 4027 File Folder Labels for Dot Matrix Printers, 5000 Labels per Box, Whit",30.53,Labels
7810597,Newell 323,1.68,Pens & Art Supplies
7161684,Global Enterprise Series Seating High-Back Swivel/Tilt Chairs,270.98,Chairs & Chairmats
8347970,Spiral Phone Message Books with Labels by Adams,4.48,Paper
6727268,Crate-A-Files?Grant Carroll,7.46,0.59
6628396,Bell Sonecor JB700 Caller ID,7.99,Telephones and Communication
7228336,Holmes 99% HEPA Air Purifier,21.66,Appliances
889756,Xerox 224,6.48,Paper
8810600,Xerox 1906,35.44,Paper
7159289,"GBC Pre-Punched Binding Paper, Plastic, White, 8-1/2"" x 11""",15.99,Binders and Binder Accessories
889154,Xerox 188,11.34,Paper
8810516,Xerox 1932,35.44,Paper
7124841,GBC Linen Binding Covers,30.98,Binders and Binder Accessories
7134416,GBC Recycled Grain Textured Covers,34.54,Binders and Binder Accessories
8350666,"Sauder Facets Collection Library, Sky Alder Finish",170.98,Bookcases
7041239,"Fellowes Basic 104-Key Keyboard, Platinum",20.95,Computer Peripherals
7575690,Kensington 7 Outlet MasterPiece Power Center with Fax/Phone Line Protection,207.48,Appliances
7939289,O'Sullivan 3-Shelf Heavy-Duty Bookcases,58.14,Bookcases
7149612,G.E. Longer-Life Indoor Recessed Floodlight Bulbs,6.64,Office Furnishings
8037294,Panasonic KX-P1150 Dot Matrix Printer,145.45,Office Machines
7810575,Newell 327,2.21,Pens & Art Supplies
8810664,Xerox 1893,40.99,Paper
7259638,"Hon Deluxe Fabric Upholstered Stacking Chairs, Rounded Back",243.98,Chairs & Chairmats
6953219,Eldon Radial Chair Mat for Low to Medium Pile Carpets,39.98,Office Furnishings
6843174,"DAX Copper Panel Document Frame, 5 x 7 Size",12.58,Office Furnishings
7939289,O'Sullivan 2-Shelf Heavy-Duty Bookcases,48.58,Bookcases
8465574,"Tenex 46"" x 60"" Computer Anti-Static Chairmat, Rectangular Shaped",105.98,Office Furnishings
8754939,"Wirebound Message Books, 2 7/8"" x 5"", 3 Forms per Page",7.04,Paper
7736306,"Memorex Slim 80 Minute CD-R, 10/Pack",9.78,Computer Peripherals
6523177,Aluminum Document Frame,12.22,Office Furnishings
7740493,"Memorex 80 Minute CD-R Spindle, 100/Pack",43.98,Computer Peripherals
7764896,"Multi-Use Personal File Cart and Caster Set, Three Stacking Bins",34.76,Storage & Organization
6511117,Accessory36,55.99,Telephones and Communication
888771,Xerox 20,6.48,Paper
8321588,Surelock?Post Binders,30.56,Binders and Binder Accessories
6728385,Colorific?Watercolor Pencils,5.16,Pens & Art Supplies
4233359,"*Staples* vLetter Openers, 2/Pack",3.68,"Scissors, Rulers and Trimmers"
7264948,Hon 4700 Series Mobuis?Mid-Back Task Chairs with Adjustable Arms,355.98,Chairs & Chairmats
6665948,BoxOffice By Design Rectangular and Half-Moon Meeting Room Tables,218.75,Tables
6948896,Eldon Econocleat?Chair Mats for Low Pile Carpets,41.47,Office Furnishings
8024534,Prang Drawing Pencil Set,2.78,Pens & Art Supplies
844947,T39m,155.99,Telephones and Communication
8810987,Xerox 1982,22.84,Paper
8810449,Xerox 1924,5.78,Paper
8438307,Turquoise Lead Holder with Pocket Clip,6.7,Pens & Art Supplies
7939390,Okidata ML395C Color Dot Matrix Printer,1360.14,Office Machines
7161426,Global Enterprise Series Seating High-Back Swivel/Tilt Chairs,270.98,Chairs & Chairmats
7727485,Microsoft Internet Keyboard,20.97,Computer Peripherals
8810890,Xerox 1982,22.84,Paper
7131796,Global Ergonomic Managers Chair,180.98,Chairs & Chairmats
7977744,"Office Star - Contemporary Task Swivel chair with 2-way adjustable arms, Plum",130.98,Chairs & Chairmats
8810424,Xerox 1971,4.28,Paper
6929289,Eldon Portable Mobile Manager,28.28,Storage & Organization
6510642,Accessory6,55.99,Telephones and Communication
6826972,Durable Pressboard Binders,3.8,Binders and Binder Accessories
7041381,Fellowes 17-key keypad for PS/2 interface,30.73,Computer Peripherals
8314221,StarTAC ST7762,125.99,Telephones and Communication
6511189,Accessory21,20.99,Telephones and Communication
7075776,Fellowes PB500 Electric Punch Plastic Comb Binding Machine with Manual Bind,1270.99,Binders and Binder Accessories
8322214,Staples 6 Outlet Surge,11.97,Appliances
8238355,Recycled Eldon Regeneration Jumbo File,12.28,Storage & Organization
8635661,Verbatim DVD-R 4.7GB authoring disc,39.24,Computer Peripherals
6739772,Canon P1-DHIII Palm Printing Calculator,17.98,Office Machines
7118809,GBC Binding covers,12.95,Binders and Binder Accessories
7810592,Newell 323,1.68,Pens & Art Supplies
7138874,"Global Stack Chair without Arms, Black",25.98,Chairs & Chairmats
8344287,"Speediset Carbonless Redi-Letter?7"" x 8 1/2""",10.31,Paper
7139930,GBC Recycled Regency Composition Covers,59.78,Binders and Binder Accessories
6511381,Accessory29,20.99,Telephones and Communication
7810471,Newell 323,1.68,Pens & Art Supplies
8333907,SANFORD Major Accent?Highlighters,7.08,Pens & Art Supplies
8050891,Polycom ViaVideo?Desktop Video Communications Unit,574.74,Office Machines
6857677,"Dixon Ticonderoga Core-Lock Colored Pencils, 48-Color Set",36.55,Pens & Art Supplies
6511269,Accessory24,55.99,Telephones and Communication
7262341,"Howard Miller 13-3/4"" Diameter Brushed Chrome Round Wall Clock",51.75,Office Furnishings
8254852,Recycled Steel Personal File for Standard File Folders,55.29,Storage & Organization
6957331,"Eldon Expressions?Desk Accessory, Wood Pencil Holder, Oak",9.65,Office Furnishings
6511509,Accessory39,20.99,Telephones and Communication
6628245,Bell Sonecor JB700 Caller ID,7.99,Telephones and Communication
3544126,"#10- 4 1/8"" x 9 1/2"" Security-Tint Envelopes",7.64,Envelopes
7142560,GBC Standard Plastic Binding Systems Combs,8.85,Binders and Binder Accessories
8810367,Xerox 1930,6.48,Paper
659435,Avery 474,2.88,Labels
8261636,"Riverside Palais Royal Lawyers Bookcase, Royale Cherry Finish",880.98,Bookcases
7249651,Hewlett-Packard Deskjet 6122 Color Inkjet Printer,200.97,Office Machines
7335475,"IBM 80 Minute CD-R Spindle, 50/Pack",20.89,Computer Peripherals
8045975,"Peel & Seel?Recycled Catalog Envelopes, Brown",11.58,Envelopes
659436,Avery 506,4.13,Labels
8024326,Prang Drawing Pencil Set,2.78,Pens & Art Supplies
8416955,TDK 4.7GB DVD+RW,14.48,Computer Peripherals
8537717,U.S. Robotics 56K Internet Call Modem,99.99,Computer Peripherals
889145,Xerox 190,4.98,Paper
8365539,Standard Line??While You Were Out?Hardbound Telephone Message Book,21.98,Paper
676345,CF 888,195.99,Telephones and Communication
7249138,Hewlett-Packard Deskjet 6122 Color Inkjet Printer,200.97,Office Machines
6837276,Dana Halogen Swing-Arm Architect Lamp,40.97,Office Furnishings
8380215,"SAFCO PlanMaster Heigh-Adjustable Drafting Table Base, 43w x 30d x 30-37h, Black",349.45,Tables
7632957,Lexmark Z25 Color Inkjet Printer,80.97,Office Machines
7236975,Hon Multipurpose Stacking Arm Chairs,216.6,Chairs & Chairmats
7224232,Hon Olson Stacker Stools,140.81,Chairs & Chairmats
6955584,"Executive Impressions 14"" Two-Color Numerals Wall Clock",22.72,Office Furnishings
4932838,12-1/2 Diameter Round Wall Clock,19.98,Office Furnishings
6933650,Epson DFX5000+ Dot Matrix Printer,1500.97,Office Machines
7041834,"Fellowes Basic 104-Key Keyboard, Platinum",20.95,Computer Peripherals
8270669,"Recycled Interoffice Envelopes with String and Button Closure, 10 x 13",23.99,Envelopes
7132988,GBC Standard Therm-A-Bind Covers,24.92,Binders and Binder Accessories
5642325,"80 Minute CD-R Spindle, 100/Pack - Staples",39.48,Computer Peripherals
8810546,Xerox 1892,38.76,Paper
8319272,Staples Paper Clips,2.47,Rubber Bands
7737389,"Metal Folding Chairs, Beige, 4/Carton",33.94,Chairs & Chairmats
5650921,"80 Minute Slim Jewel Case CD-R , 10/Pack - Staples",8.33,Computer Peripherals
6753934,Computer Printout Paper with Letter-Trim Perforations,18.97,Paper
6627517,Bush Mission Pointe Library,150.98,Bookcases
7224910,Hon Olson Stacker Stools,140.81,Chairs & Chairmats
8810432,Xerox 1929,22.84,Paper
7231654,Home/Office Personal File Carts,34.76,Storage & Organization
659471,Avery 507,2.88,Labels
1054853,i470,205.99,Telephones and Communication
5119253,3M Organizer Strips,5.4,Binders and Binder Accessories
7333442,"Imation 3.5 IBM Diskettes, 10/Box",8.46,Computer Peripherals
7135150,"GE 4 Foot Flourescent Tube, 40 Watt",14.98,Office Furnishings
5119818,300 Series Non-Flip,155.99,Telephones and Communication
6945799,"Executive Impressions 13"" Chairman Wall Clock",25.38,Office Furnishings
7730832,Micro Innovations 104 Keyboard,10.97,Computer Peripherals
8538554,US Robotics 56K V.92 External Faxmodem,99.99,Computer Peripherals
7033960,Fellowes Staxonsteel?Drawer Files,193.17,Storage & Organization
6511330,Accessory39,20.99,Telephones and Communication
8433784,Telescoping Adjustable Floor Lamp,19.99,Office Furnishings
6732852,Canon MP41DH Printing Calculator,150.98,Office Machines
8362618,"Sauder Facets Collection Locker/File Cabinet, Sky Alder Finish",370.98,Storage & Organization
8664965,VTech VT20-2481 2.4GHz Two-Line Phone System w/Answering Machine,179.99,Telephones and Communication
,"""Memo Book",,5 3/8?x 11?
250,Belkin 6 Outlet Metallic Surge Strip,,27680
251,Xerox 21,,27680
252,GBC DocuBind TL200 Manual Binding Machine,,27778
253,"Sauder Forest Hills Library""",-393.96,Northwest Territories
8810880,Xerox 1940,54.96,Paper
6619216,Bagged Rubber Bands,1.26,Rubber Bands
8810191,Xerox 1897,4.98,Paper
8026230,Poly Designer Cover & Back,18.99,Binders and Binder Accessories
6648179,Bionaire Personal Warm Mist Humidifier/Vaporizer,46.89,Appliances
6525682,"Acme?8"" Straight Scissors",12.98,"Scissors, Rulers and Trimmers"
7224150,Heavy-Duty E-Z-D?Binders,10.91,Binders and Binder Accessories
7252893,Hammermill CopyPlus Copy Paper (20Lb. and 84 Bright),4.98,Paper
6840296,Deluxe Rollaway Locking File with Drawer,415.88,Storage & Organization
503892,252,65.99,Telephones and Communication
544364,6160,115.99,Telephones and Communication
7351182,"Imation 3.5, DISKETTE 44766 HGHLD3.52HD/FM, 10/Pack",5.02,Computer Peripherals
8028766,Prismacolor Color Pencil Set,19.84,Pens & Art Supplies
8736994,Wilson Jones DublLock?D-Ring Binders,6.75,Binders and Binder Accessories
6612521,Binder Posts,5.74,Binders and Binder Accessories
6932815,Epson LQ-570e Dot Matrix Printer,270.97,Office Machines
6555191,"Atlantic Metals Mobile 3-Shelf Bookcases, Custom Colors",260.98,Bookcases
7043438,Fellowes PB300 Plastic Comb Binding Machine,387.99,Binders and Binder Accessories
8245227,Rush Hierlooms Collection Rich Wood Bookcases,160.98,Bookcases
659355,Avery 481,3.08,Labels
8330889,Sharp AL-1530CS Digital Copier,499.99,Copiers and Fax
8337270,"SAFCO Commercial Wire Shelving, Black",138.14,Storage & Organization
6543654,"Avery Trapezoid Extra Heavy Duty 4"" Binders",41.94,Binders and Binder Accessories
8357150,Self-Adhesive Address Labels for Typewriters by Universal,7.31,Labels
8314776,StarTAC Series,65.99,Telephones and Communication
8256125,"Rediform Wirebound ""Phone Memo"" Message Book, 11 x 5-3/4",7.64,Paper
6837379,Dana Halogen Swing-Arm Architect Lamp,40.97,Office Furnishings
7135339,Global Comet?Stacking Armless Chair,299.05,Chairs & Chairmats
7258542,Hon 4070 Series Pagoda?Armless Upholstered Stacking Chairs,291.73,Chairs & Chairmats
7036642,"Fellowes Internet Keyboard, Platinum",30.42,Computer Peripherals
6840425,Deluxe Rollaway Locking File with Drawer,415.88,Storage & Organization
7627569,Luxo Economy Swing Arm Lamp,19.94,Office Furnishings
4233434,"*Staples* vLetter Openers, 2/Pack",3.68,"Scissors, Rulers and Trimmers"
8322656,Staples 6 Outlet Surge,11.97,Appliances
6540612,Acco Perma?2700 Stacking Storage Drawers,29.74,Storage & Organization
7047472,Fellowes Stor/Drawer?Steel Plus?Storage Drawers,95.43,Storage & Organization
7266598,Honeywell Enviracaire Portable HEPA Air Cleaner for 17' x 22' Room,300.65,Appliances
8662489,"Verbatim DVD-RAM, 9.4GB, Rewritable, Type 1, DS, DataLife Plus",45.19,Computer Peripherals
7627659,Lock-Up Easel 'Spel-Binder',28.53,Binders and Binder Accessories
6567217,"Adams Write n' Stick Phone Message Book, 11"" X 5 1/4"", 200 Messages",5.68,Paper
8452573,"Tenex File Box, Personal Filing Tote with Lid, Black",15.51,Storage & Organization
7036890,Fellowes Black Plastic Comb Bindings,5.81,Binders and Binder Accessories
6524874,Assorted Color Push Pins,1.81,Rubber Bands
7237546,HP Office Paper (20Lb. and 87 Bright),6.68,Paper
8332759,Staples Vinyl Coated Paper Clips,3.93,Rubber Bands
6732319,Canon MP41DH Printing Calculator,150.98,Office Machines
7810516,Newell 310,1.76,Pens & Art Supplies
7544929,Kensington 7 Outlet MasterPiece Power Center,177.98,Appliances
6838104,"DAX Metal Frame, Desktop, Stepped-Edge",20.24,Office Furnishings
6627245,Bush Mission Pointe Library,150.98,Bookcases
6511829,Accessory21,20.99,Telephones and Communication
564626,8860,65.99,Telephones and Communication
6516189,Array?Memo Cubes,5.18,Paper
7027263,"Fiskars 8"" Scissors, 2/Pack",17.24,"Scissors, Rulers and Trimmers"
4924650,12 Colored Short Pencils,2.6,Pens & Art Supplies
8036310,Pizazz?Global Quick File?Alan Barnes,7.51,0.57
7321260,Imation 5.2GB DVD-RAM,60.98,Computer Peripherals
6540883,Acco Perma?2700 Stacking Storage Drawers,29.74,Storage & Organization
8026814,Portable Personal File Box,12.21,Storage & Organization
8373291,"Snap-A-Way?Black Print Carbonless Speed Message, No Reply Area, Duplicate",29.14,Paper
7349372,Ibico Covers for Plastic or Wire Binding Elements,11.5,Binders and Binder Accessories
7228302,Hanging Personal Folder File,15.7,Storage & Organization
8427151,Tennsco Double-Tier Lockers,225.02,Storage & Organization
8775748,"Wirebound Message Books, Four 2 3/4"" x 5"" Forms per Page, 600 Sets per Book",9.27,Paper
6581165,"Acme Design Line 8"" Stainless Steel Bent Scissors w/Champagne Handles, 3-1/8"" Cu",6.84,"Scissors, Rulers and Trimmers"
7352952,"Imation 3.5"", DISKETTE 44766 HGHLD3.52HD/FM, 10/Pack",4.98,Computer Peripherals
8041238,PC Concepts 116 Key Quantum 3000 Keyboard,32.98,Computer Peripherals
6938972,Epson Stylus 1520 Color Inkjet Printer,500.97,Office Machines
659537,Avery 494,2.61,Labels
8357444,Self-Adhesive Address Labels for Typewriters by Universal,7.31,Labels
6511924,Accessory37,20.99,Telephones and Communication
8759308,Wilson Jones 14 Line Acrylic Coated Pressboard Data Binders,5.34,Binders and Binder Accessories
6964398,Eureka Disposable Bags for Sanitaire?Vibra Groomer I?Upright Vac,4.06,Appliances
6556267,AT&T 2230 Dual Handset Phone With Caller ID/Call Waiting,99.99,Office Machines
8045428,"Peel & Seel?Recycled Catalog Envelopes, Brown",11.58,Envelopes
6753565,Cardinal Poly Pocket Divider Pockets for Ring Binders,3.36,Binders and Binder Accessories
6734185,Canon PC1060 Personal Laser Copier,699.99,Copiers and Fax
8333894,Sterling Rubber Bands by Alliance,4.71,Rubber Bands
7810699,Newell 312,5.84,Pens & Art Supplies
6665519,BoxOffice By Design Rectangular and Half-Moon Meeting Room Tables,218.75,Tables
7351746,"Imation 3.5"" DS/HD IBM Formatted Diskettes, 50/Pack",15.98,Computer Peripherals
6536137,"Avery Flip-Chart Easel Binder, Black",22.38,Binders and Binder Accessories
7118449,GBC Binding covers,12.95,Binders and Binder Accessories
824262,R280,155.99,Telephones and Communication
6510757,Accessory9,35.99,Telephones and Communication
8537339,U.S. Robotics 56K Internet Call Modem,99.99,Computer Peripherals
8427454,Tennsco Industrial Shelving,48.91,Storage & Organization
8320109,Staples Bulldog Clip,3.78,Rubber Bands
7744264,"Micro Innovations Micro 3000 Keyboard, Black",26.31,Computer Peripherals
7041892,"Fellowes Basic 104-Key Keyboard, Platinum",20.95,Computer Peripherals
8810155,Xerox 1882,55.98,Paper
6758396,Carina Double Wide Media Storage Towers in Natural & Black,80.98,Storage & Organization
8026898,Portable Personal File Box,12.21,Storage & Organization
6581604,"Acme Hot Forged Carbon Steel Scissors with Nickel-Plated Handles, 3 7/8"" Cut, 8""",13.9,"Scissors, Rulers and Trimmers"
6949862,Eldon Cleatmat?Chair Mats for Medium Pile Carpets,55.5,Office Furnishings
8867833,Xerox 4200 Series MultiUse Premium Copy Paper (20Lb. and 84 Bright),5.28,Paper
7229541,Hon 94000 Series Round Tables,296.18,Tables
6865147,"Deflect-o RollaMat Studded, Beveled Mat for Medium Pile Carpeting",92.23,Office Furnishings
7075170,Fellowes PB500 Electric Punch Plastic Comb Binding Machine with Manual Bind,1270.99,Binders and Binder Accessories
7141823,"Global High-Back Leather Tilter, Burgundy",122.99,Chairs & Chairmats
8026940,Poly Designer Cover & Back,18.99,Binders and Binder Accessories
7643552,"Lifetime Advantage?Folding Chairs, 4/Carton",218.08,Chairs & Chairmats
6872733,"DAX Contemporary Wood Frame with Silver Metal Mat, Desktop, 11 x 14 Size",20.24,Office Furnishings
8319807,Stockwell Push Pins,2.18,Rubber Bands
7352651,"Imation 3.5"", DISKETTE 44766 HGHLD3.52HD/FM, 10/Pack",4.98,Computer Peripherals
564787,8260,65.99,Telephones and Communication
514427,3390,65.99,Telephones and Communication
7134113,"Global Deluxe Stacking Chair, Gray",50.98,Chairs & Chairmats
6631136,Bevis 36 x 72 Conference Tables,124.49,Tables
6536730,"Avery Flip-Chart Easel Binder, Black",22.38,Binders and Binder Accessories
7245400,"Howard Miller 16"" Diameter Gallery Wall Clock",63.94,Office Furnishings
6532247,"ACCOHIDE?3-Ring Binder, Blue, 1""",4.13,Binders and Binder Accessories
7141966,"Global High-Back Leather Tilter, Burgundy",122.99,Chairs & Chairmats
8743293,"Wilson Jones Hanging View Binder, White, 1""",7.1,Binders and Binder Accessories
6645403,Boston 1730 StandUp Electric Pencil Sharpener,21.38,Pens & Art Supplies
6511162,Accessory31,35.99,Telephones and Communication
6510134,Accessory8,85.99,Telephones and Communication
7041236,Fellowes 17-key keypad for PS/2 interface,30.73,Computer Peripherals
7228126,Hanging Personal Folder File,15.7,Storage & Organization
7349602,Ibico Covers for Plastic or Wire Binding Elements,11.5,Binders and Binder Accessories
7233247,Hoover Portapower?Portable Vacuum,4.48,Appliances
7044683,Fellowes Command Center 5-outlet power strip,67.84,Appliances
8324812,SAFCO Arco Folding Chair,276.2,Chairs & Chairmats
6511729,Accessory12,85.99,Telephones and Communication
7179850,"Global Leather Highback Executive Chair with Pneumatic Height Adjustment, Black",200.98,Chairs & Chairmats
514379,3390,65.99,Telephones and Communication
7142125,GBC DocuBind TL300 Electric Binding System,896.99,Binders and Binder Accessories
7157885,"GBC Prepunched Paper, 19-Hole, for Binding Systems, 24-lb",15.01,Binders and Binder Accessories
7727612,Microsoft Internet Keyboard,20.97,Computer Peripherals
8415530,TDK 4.7GB DVD-R,10.01,Computer Peripherals
8810303,Xerox 1977,6.68,Paper
6821263,DAX Solid Wood Frames,9.77,Office Furnishings
7264876,Honeywell Enviracaire?Portable Air Cleaner for up to 8 x 10 Room,76.72,Appliances
6651309,Belkin 8 Outlet SurgeMaster II Gold Surge Protector,59.98,Appliances
564677,8260,65.99,Telephones and Communication
8270570,"Recycled Interoffice Envelopes with String and Button Closure, 10 x 13",23.99,Envelopes
7718910,Multimedia Mailers,162.93,Envelopes
8782780,"White Business Envelopes with Contemporary Seam, Recycled White Business Envelop",10.94,Envelopes
6560700,"Avery Trapezoid Ring Binder, 3"" Capacity, Black, 1040 sheets",40.98,Binders and Binder Accessories
6848473,"DXL?Angle-View Binders with Locking Rings, Black",5.99,Binders and Binder Accessories
564592,8260,65.99,Telephones and Communication
7866396,Newell?3-Hole Punched Plastic Slotted Magazine Holders for Binders,4.57,Binders and Binder Accessories
7634132,Laser & Ink Jet Business Envelopes,10.67,Envelopes
7939695,Okidata ML390 Turbo Dot Matrix Printers,442.14,Office Machines
6951829,"Eldon Regeneration Recycled Desk Accessories, Smoke",1.74,Office Furnishings
6511496,Accessory36,55.99,Telephones and Communication
7636752,"Linden?12"" Wall Clock With Oak Frame",33.98,Office Furnishings
505627,2160i,200.99,Telephones and Communication
7145587,Global Deluxe High-Back Office Chair in Storm,135.99,Chairs & Chairmats
7245258,"Howard Miller 16"" Diameter Gallery Wall Clock",63.94,Office Furnishings
6735185,Canon MP100DHII Printing Calculator,140.99,Office Machines
6511954,Accessory21,20.99,Telephones and Communication
8635747,Verbatim DVD-R 4.7GB authoring disc,39.24,Computer Peripherals
8256636,"Rediform Wirebound ""Phone Memo"" Message Book, 11 x 5-3/4",7.64,Paper
6774189,"C-Line Cubicle Keepers Polyproplyene Holder w/Velcro?Back, 8-1/2x11, 25/Bx",54.74,Office Furnishings
658954,Avery 51,6.3,Labels
8345710,SANFORD Liquid Accent?Tank-Style Highlighters,2.84,Pens & Art Supplies
6525893,Avery Poly Binder Pockets,3.58,Binders and Binder Accessories
6837156,"Dixon My First Ticonderoga Pencil, #2",5.85,Pens & Art Supplies
6526425,Acco?Hot Clips?Clips to Go,3.29,Rubber Bands
7025944,Fiskars?Softgrip Scissors,10.98,"Scissors, Rulers and Trimmers"
6917382,"Elite 5"" Scissors",8.45,"Scissors, Rulers and Trimmers"
6927639,Eldon Wave Desk Accessories,5.89,Office Furnishings
659485,Avery 478,4.91,Labels
6646442,Boston 16701 Slimline Battery Pencil Sharpener,15.94,Pens & Art Supplies
8810735,Xerox 1982,22.84,Paper
8354547,"Soundgear Copyboard Conference Phone, Optional Battery",204.1,Office Machines
6852793,"Dot Matrix Printer Tape Reel Labels, White, 5000/Box",98.31,Labels
6932442,Euro Pro Shark Stick Mini Vacuum,60.98,Appliances
8037566,Panasonic KX-P1150 Dot Matrix Printer,145.45,Office Machines
8238149,Recycled Eldon Regeneration Jumbo File,12.28,Storage & Organization
8487317,"Tenex Contemporary Contur Chairmats for Low and Medium Pile Carpet, Computer, 39",107.53,Office Furnishings
659359,Avery 498,2.89,Labels
8046695,Premium Transparent Presentation Covers by GBC,20.98,Binders and Binder Accessories
6670499,"Barricks 18"" x 48"" Non-Folding Utility Table with Bottom Storage Shelf",100.8,Tables
7139518,GBC VeloBinder Electric Binding Machine,120.98,Binders and Binder Accessories
6630917,Brown Kraft Recycled Envelopes,16.98,Envelopes
6525587,"Acme?8"" Straight Scissors",12.98,"Scissors, Rulers and Trimmers"
6628139,Bell Sonecor JB700 Caller ID,7.99,Telephones and Communication
655529,A1228,195.99,Telephones and Communication
5150246,"3M Polarizing Task Lamp with Clamp Arm, Light Gray",136.98,Office Furnishings
564409,8290,125.99,Telephones and Communication
7249533,Hewlett-Packard Deskjet 5550 Color Inkjet Printer,115.99,Office Machines
7033229,Fellowes Neat Ideas?Storage Cubes,32.48,Storage & Organization
7651280,"Lesro Round Back Collection Coffee Table, End Table",182.55,Tables
659700,Avery 492,2.88,Labels
7810927,Newell 343,2.94,Pens & Art Supplies
8238254,Recycled Eldon Regeneration Jumbo File,12.28,Storage & Organization
8380661,"SAFCO PlanMaster Heigh-Adjustable Drafting Table Base, 43w x 30d x 30-37h, Black",349.45,Tables
6731583,Canon S750 Color Inkjet Printer,120.97,Office Machines
8053334,Panasonic KP-310 Heavy-Duty Electric Pencil Sharpener,21.98,Pens & Art Supplies
6536495,"AT&T Black Trimline Phone, Model 210",15.99,Office Machines
7810265,Newell 318,2.78,Pens & Art Supplies
8383342,"Staples Pen Style Liquid Stix; Assorted (yellow, pink, green, blue, orange), 5/P",6.47,Pens & Art Supplies
8332346,Staples Vinyl Coated Paper Clips,3.93,Rubber Bands
5150458,"3M Polarizing Task Lamp with Clamp Arm, Light Gray",136.98,Office Furnishings
659241,Avery 491,4.13,Labels
7036982,Fellowes Black Plastic Comb Bindings,5.81,Binders and Binder Accessories
6957535,"Eldon Expressions?Desk Accessory, Wood Pencil Holder, Oak",9.65,Office Furnishings
7939763,O'Sullivan 3-Shelf Heavy-Duty Bookcases,58.14,Bookcases
843653,T18,110.99,Telephones and Communication
8350945,Sanyo 2.5 Cubic Foot Mid-Size Office Refrigerators,279.81,Appliances
7236936,Honeywell Quietcare HEPA Air Cleaner,78.65,Appliances
8334924,Staples Colored Bar Computer Paper,35.44,Paper
6651996,Boston 16765 Mini Stand Up Battery Pencil Sharpener,11.66,Pens & Art Supplies
8349844,Staples Battery-Operated Desktop Pencil Sharpener,10.48,Pens & Art Supplies
6932781,Eldon?200 Class?Desk Accessories,6.28,Office Furnishings
7731539,"Memorex 80 Minute CD-R, 30/Pack",22.98,Computer Peripherals
7145993,"Global Leather and Oak Executive Chair, Black",300.98,Chairs & Chairmats
6837574,"Dual Level, Single-Width Filing Carts",155.06,Storage & Organization
7071541,"Fellowes Smart Design 104-Key Enhanced Keyboard, PS/2 Adapter, Platinum",55.94,Computer Peripherals
8745544,"Wilson Jones 1"" Hanging DublLock?Ring Binders",5.28,Binders and Binder Accessories
7741358,"Master Giant Foot?Doorstop, Safety Yellow",7.59,Office Furnishings
8063943,"Perma STOR-ALL?Hanging File Box, 13 1/8""W x 12 1/4""D x 10 1/2""H",5.98,Storage & Organization
6933349,Epson DFX-8500 Dot Matrix Printer,2550.14,Office Machines
889736,Xerox 194,55.48,Paper
8369246,SouthWestern Bell FA970 Digital Answering Machine with Time/Day Stamp,28.99,Telephones and Communication
659209,Avery 493,4.91,Labels
6639475,"Bevis Round Bullnose 29"" High Table Top",259.71,Tables
7139921,GBC Recycled Regency Composition Covers,59.78,Binders and Binder Accessories
659124,Avery 506,4.13,Labels
889821,Xerox 197,30.98,Paper
6944575,"Eldon?Expressions?Wood Desk Accessories, Oak",7.38,Office Furnishings
8810401,Xerox 1935,26.38,Paper
8034985,Peel & Stick Add-On Corner Pockets,2.16,Binders and Binder Accessories
6947393,Eureka The Boss?Cordless Rechargeable Stick Vac,50.98,Appliances
6927448,Eldon?Wave Desk Accessories,2.08,Office Furnishings
8810173,Xerox 1905,6.48,Paper
7060481,Fellowes Bankers Box?Staxonsteel?Drawer File/Stacking System,64.98,Storage & Organization
6946296,"Executive Impressions 13"" Clairmont Wall Clock",19.23,Office Furnishings
7145208,"Global Leather and Oak Executive Chair, Black",300.98,Chairs & Chairmats
7145519,Global Troy?Executive Leather Low-Back Tilter,500.98,Chairs & Chairmats
8662446,"Verbatim DVD-RAM, 9.4GB, Rewritable, Type 1, DS, DataLife Plus",45.19,Computer Peripherals
8333809,Staples SlimLine Pencil Sharpener,11.97,Pens & Art Supplies
8030236,Presstex Flexible Ring Binders,4.55,Binders and Binder Accessories
7728964,"Memorex 4.7GB DVD+RW, 3/Pack",28.48,Computer Peripherals
6941258,Eldon Image Series Black Desk Accessories,4.14,Office Furnishings
659874,Avery 485,12.53,Labels
6837504,"Dixon My First Ticonderoga Pencil, #2",5.85,Pens & Art Supplies
7139535,Global Adaptabilities?Conference Tables,280.98,Tables
7544886,Kensington 7 Outlet MasterPiece Power Center,177.98,Appliances
7134218,"Global Deluxe Stacking Chair, Gray",50.98,Chairs & Chairmats
8810447,Xerox 1885,48.04,Paper
659777,Avery 479,2.61,Labels
6536908,"AT&T Black Trimline Phone, Model 210",15.99,Office Machines
7039707,"Fellowes Twister Kit, Gray/Clear, 3/pkg",8.04,Binders and Binder Accessories
6929902,Eldon Pizzaz?Desk Accessories,2.23,Office Furnishings
7118409,GBC Binding covers,12.95,Binders and Binder Accessories
7249527,Hewlett-Packard Deskjet 5550 Color Inkjet Printer,115.99,Office Machines
8415604,Talkabout T8367,65.99,Telephones and Communication
7624183,Logitech Access Keyboard,15.98,Computer Peripherals
7057425,"Fellowes Strictly Business?Drawer File, Letter/Legal Size",140.85,Storage & Organization
7810950,Newell 336,4.28,Pens & Art Supplies
6782873,"Conquest?14 Commercial Heavy-Duty Upright Vacuum, Collection System, Accessory K",56.96,Appliances
8472498,"Tennsco Snap-Together Open Shelving Units, Starter Sets and Add-On Units",279.48,Storage & Organization
7140951,GBC DocuBind P100 Manual Binding Machine,165.98,Binders and Binder Accessories
659541,Avery 497,3.08,Labels
8327474,SAFCO Folding Chair Trolley,128.24,Chairs & Chairmats
7758350,"Manila Recycled Extra-Heavyweight Clasp Envelopes, 6"" x 9""",10.98,Envelopes
8647754,"Verbatim DVD-RAM, 5.2GB, Rewritable, Type 1, DS",29.89,Computer Peripherals
7542942,Keytronic Designer 104- Key Black Keyboard,40.48,Computer Peripherals
6511285,Accessory31,35.99,Telephones and Communication
6531294,Avanti 4.4 Cu. Ft. Refrigerator,180.98,Appliances
6627959,Bush Mission Pointe Library,150.98,Bookcases
6567708,"Acco Pressboard Covers with Storage Hooks, 14 7/8"" x 11"", Dark Blue",3.81,Binders and Binder Accessories
7349546,Ibico Covers for Plastic or Wire Binding Elements,11.5,Binders and Binder Accessories
6644765,Boston KS Multi-Size Manual Pencil Sharpener,22.99,Pens & Art Supplies
7258432,"Hunt BOSTON?Vista?Battery-Operated Pencil Sharpener, Black",11.66,Pens & Art Supplies
7733374,Martin-Yale Premier Letter Opener,12.88,"Scissors, Rulers and Trimmers"
8243755,Recycled Premium Regency Composition Covers,15.28,Binders and Binder Accessories
6555593,"Atlantic Metals Mobile 5-Shelf Bookcases, Custom Colors",300.98,Bookcases
1055587,i1000,65.99,Telephones and Communication
659603,Avery 493,4.91,Labels
7039767,Fellowes Super Stor/Drawer?Harold Engle,19.99,0.67
8284431,"Rubbermaid ClusterMat Chairmats, Mat Size- 66"" x 60"", Lip 20"" x 11"" -90 Degree A",110.98,Office Furnishings
4223630,*Staples* Letter Opener,2.18,"Scissors, Rulers and Trimmers"
6734337,Canon PC1060 Personal Laser Copier,699.99,Copiers and Fax
766438,LX 677,110.99,Telephones and Communication
6545922,Avery Hi-Liter?Fluorescent Desk Style Markers,3.38,Pens & Art Supplies
3539954,"#10- 4 1/8"" x 9 1/2"" Recycled Envelopes",8.74,Envelopes
6540895,Acco Suede Grain Vinyl Round Ring Binder,2.78,Binders and Binder Accessories
6941759,Eldon Image Series Black Desk Accessories,4.14,Office Furnishings
889765,Xerox 213,6.48,Paper
7810573,Newell 342,3.28,Pens & Art Supplies
8362993,"Staples #10 Laser & Inkjet Envelopes, 4 1/8"" x 9 1/2"", 100/Box",9.78,Envelopes
7810245,Newell 337,3.28,Pens & Art Supplies
7118751,GBC Binding covers,12.95,Binders and Binder Accessories
7132408,GBC Standard Therm-A-Bind Covers,24.92,Binders and Binder Accessories
7765676,"Micro Innovations Micro Digital Wireless Keyboard and Mouse, Gray",83.1,Computer Peripherals
6962681,Eldon ClusterMat Chair Mat with Cordless Antistatic Protection,90.98,Office Furnishings
8810130,Xerox 1985,6.48,Paper
9051324,Zoom V.92 V.44 PCI Internal Controllerless FaxModem,39.99,Computer Peripherals
7145546,"Global Leather and Oak Executive Chair, Black",300.98,Chairs & Chairmats
8421207,"Tennsco Lockers, Sand",20.98,Storage & Organization
8810754,Xerox 1920,5.98,Paper
8810347,Xerox 1928,5.28,Paper
8810419,Xerox 1939,18.97,Paper
8312667,StarTAC 7760,65.99,Telephones and Communication
7737329,Magna Visual Magnetic Picture Hangers,4.82,Office Furnishings
775644,M3682,125.99,Telephones and Communication
8810935,Xerox 1978,5.78,Paper
8348723,"Sauder Forest Hills Library, Woodland Oak Finish",140.98,Bookcases
7141157,"Global High-Back Leather Tilter, Burgundy",122.99,Chairs & Chairmats
8734995,"Wirebound Message Book, 4 per Page",5.43,Paper
7728494,"Memorex 4.7GB DVD+RW, 3/Pack",28.48,Computer Peripherals
7238585,Hoover WindTunnel?Plus Canister Vacuum,363.25,Appliances
7810823,Newell 335,2.88,Pens & Art Supplies
9031537,Zoom V.92 USB External Faxmodem,49.99,Computer Peripherals
8433238,Telescoping Adjustable Floor Lamp,19.99,Office Furnishings
8754282,"Wilson Jones Ledger-Size, Piano-Hinge Binder, 2"", Blue",40.98,Binders and Binder Accessories
6972889,"Eldon Expressions Punched Metal & Wood Desk Accessories, Pewter & Cherry",10.64,Office Furnishings
8024248,Prang Drawing Pencil Set,2.78,Pens & Art Supplies
8810714,Xerox 1992,5.98,Paper
8434425,TI 36X Solar Scientific Calculator,23.99,Office Machines
8613294,V 3600 Series,65.99,Telephones and Communication
8330756,Sharp AL-1530CS Digital Copier,499.99,Copiers and Fax
7227143,Hon 4-Shelf Metal Bookcases,100.98,Bookcases
6843121,"Deflect-o EconoMat Nonstudded, No Bevel Mat",51.65,Office Furnishings
7627292,Lock-Up Easel 'Spel-Binder',28.53,Binders and Binder Accessories
8537499,U.S. Robotics 56K Internet Call Modem,99.99,Computer Peripherals
6645562,Boston 1730 StandUp Electric Pencil Sharpener,21.38,Pens & Art Supplies
6645778,Bretford CR4500 Series Slim Rectangular Table,348.21,Tables
6932401,Euro Pro Shark Stick Mini Vacuum,60.98,Appliances
7227952,Hon 5100 Series Wood Tables,290.98,Tables
6625867,Belkin ErgoBoard?Keyboard,30.98,Computer Peripherals
8251649,Riverleaf Stik-Withit?Designer Note Cubes?Joy Smith,2.06,0.39
6722249,Coloredge Poster Frame,14.2,Office Furnishings
564784,8860,65.99,Telephones and Communication
8810319,Xerox 1920,5.98,Paper
503339,252,65.99,Telephones and Communication
8333728,Sharp 1540cs Digital Laser Copier,549.99,Copiers and Fax
7276585,"Holmes Replacement Filter for HEPA Air Cleaner, Very Large Room, HEPA Filter",68.81,Appliances
8727306,Wilson Jones Impact Binders,5.18,Binders and Binder Accessories
7139715,GBC DocuBind 200 Manual Binding Machine,420.98,Binders and Binder Accessories
6861812,"Deflect-o SuperTray?Unbreakable Stackable Tray, Letter, Black",29.18,Office Furnishings
8334454,Sanford Liquid Accent Highlighters,6.68,Pens & Art Supplies
7249319,Holmes Harmony HEPA Air Purifier for 17 x 20 Room,225.04,Appliances
8345634,SANFORD Liquid Accent?Tank-Style Highlighters,2.84,Pens & Art Supplies
7234195,Hon iLevel?Computer Training Table,31.76,Tables
6942222,"Eldon?200 Class?Desk Accessories, Burgundy",6.28,Office Furnishings
5642268,"80 Minute CD-R Spindle, 100/Pack - Staples",39.48,Computer Peripherals
5132421,3M Hangers With Command Adhesive,3.7,Office Furnishings
8831183,X-Rack?File for Hanging Folders,11.29,Storage & Organization
543242,688,195.99,Telephones and Communication
7347391,Ibico EB-19 Dual Function Manual Binding System,172.99,Binders and Binder Accessories
7347363,"IBM Multi-Purpose Copy Paper, 8 1/2 x 11"", Case",30.98,Paper
8355692,Southworth 25% Cotton Premium Laser Paper and Envelopes,19.98,Paper
8414106,Timeport L7089,125.99,Telephones and Communication
8331958,Safco Contoured Stacking Chairs,238.4,Chairs & Chairmats
6728710,Canon PC-428 Personal Copier,199.99,Copiers and Fax
8326805,Staples Standard Envelopes,5.68,Envelopes
4932914,12-1/2 Diameter Round Wall Clock,19.98,Office Furnishings
7634362,Lexmark Z55se Color Inkjet Printer,90.97,Office Machines
6619984,Binder Clips by OIC,1.48,Rubber Bands
6531628,Avanti 4.4 Cu. Ft. Refrigerator,180.98,Appliances
7051605,"Fellowes Smart Surge Ten-Outlet Protector, Platinum",60.22,Appliances
6728874,Canon PC-428 Personal Copier,199.99,Copiers and Fax
6523162,Aluminum Document Frame,12.22,Office Furnishings
8744971,Wausau Papers Astrobrights?Colored Envelopes,5.98,Envelopes
7810274,Newell 312,5.84,Pens & Art Supplies
8062596,"Pressboard Covers with Storage Hooks, 9 1/2"" x 11"", Light Blue",4.91,Binders and Binder Accessories
6737368,Canon imageCLASS 2200 Advanced Copier,3499.99,Copiers and Fax
7810915,Newell 312,5.84,Pens & Art Supplies
6765777,"Chromcraft Bull-Nose Wood 48"" x 96"" Rectangular Conference Tables",550.98,Tables
8662247,"Verbatim DVD-RAM, 9.4GB, Rewritable, Type 1, DS, DataLife Plus",45.19,Computer Peripherals
756882,KF 788,45.99,Telephones and Communication
7342390,"Imation Neon Mac Format Diskettes, 10/Pack",8.12,Computer Peripherals
6843141,"Deflect-o EconoMat Nonstudded, No Bevel Mat",51.65,Office Furnishings
8334762,Sanford Liquid Accent Highlighters,6.68,Pens & Art Supplies
504241,2180,175.99,Telephones and Communication
8330494,Sharp AL-1530CS Digital Copier,499.99,Copiers and Fax
6945247,"Executive Impressions 14"" Contract Wall Clock",22.23,Office Furnishings
4230889,*Staples* Highlighting Markers,4.84,Pens & Art Supplies
6650800,Boston 19500 Mighty Mite Electric Pencil Sharpener,20.15,Pens & Art Supplies
8810936,Xerox 1995,6.48,Paper
8332608,Self-Adhesive Ring Binder Labels,3.52,Binders and Binder Accessories
6736997,Catalog Binders with Expanding Posts,67.28,Binders and Binder Accessories
4226535,*Staples* Packaging Labels,2.89,Labels
6863829,"Deflect-o EconoMat Studded, No Bevel Mat for Low Pile Carpeting",41.32,Office Furnishings
8263977,"Recycled Desk Saver Line ""While You Were Out"" Book, 5 1/2"" X 4""",8.95,Paper
5731608,9-3/4 Diameter Round Wall Clock,13.79,Office Furnishings
7627694,Logitech Cordless Elite Duo,100.98,Computer Peripherals
889151,Xerox 220,6.48,Paper
7627165,Logitech Cordless Elite Duo,100.98,Computer Peripherals
6729208,Canon Image Class D660 Copier,599.99,Copiers and Fax
4924703,12 Colored Short Pencils,2.6,Pens & Art Supplies
6525926,Avery Legal 4-Ring Binder,20.98,Binders and Binder Accessories
7244904,Hoover?Commercial Lightweight Upright Vacuum,3.48,Appliances
6717155,Colored Envelopes,3.69,Envelopes
8810417,Xerox 1953,4.28,Paper
7139633,GBC DocuBind 200 Manual Binding Machine,420.98,Binders and Binder Accessories
6834843,DAX Natural Wood-Tone Poster Frame,26.48,Office Furnishings
8326598,Staples Standard Envelopes,5.68,Envelopes
7157321,"GBC Prepunched Paper, 19-Hole, for Binding Systems, 24-lb",15.01,Binders and Binder Accessories
7542906,Keytronic Designer 104- Key Black Keyboard,40.48,Computer Peripherals
8238316,Recycled Eldon Regeneration Jumbo File,12.28,Storage & Organization
7142777,GBC Standard Plastic Binding Systems Combs,8.85,Binders and Binder Accessories
7952463,Office Star Flex Back Scooter Chair with White Frame,110.98,Chairs & Chairmats
8810131,Xerox 1941,104.85,Paper
7134346,"Global Deluxe Stacking Chair, Gray",50.98,Chairs & Chairmats
6830752,DAX Clear Channel Poster Frame,14.58,Office Furnishings
8450241,Tenex B1-RE Series Chair Mats for Low Pile Carpets,45.98,Office Furnishings
6629486,Belkin 105-Key Black Keyboard,19.98,Computer Peripherals
7730711,Micro Innovations 104 Keyboard,10.97,Computer Peripherals
7122519,GBC Imprintable Covers,10.98,Binders and Binder Accessories
7156473,"GBC Laser Imprintable Binding System Covers, Desert Sand",14.27,Binders and Binder Accessories
8382982,"Sharp EL501VB Scientific Calculator, Battery Operated, 10-Digit Display, Hard Ca",9.49,Office Machines
7236274,Hon Multipurpose Stacking Arm Chairs,216.6,Chairs & Chairmats
6925463,"Executive Impressions 14""",22.23,Office Furnishings
6510841,Accessory2,55.99,Telephones and Communication
8647919,"Verbatim DVD-RAM, 5.2GB, Rewritable, Type 1, DS",29.89,Computer Peripherals
8352661,Southworth 25% Cotton Antique Laid Paper & Envelopes,8.34,Paper
6631795,Bevis 36 x 72 Conference Tables,124.49,Tables
8810715,Xerox 1936,19.98,Paper
6946877,"Eldon?400 Class?Desk Accessories, Black Carbon",8.75,Office Furnishings
6837439,"Dixon My First Ticonderoga Pencil, #2",5.85,Pens & Art Supplies
6826664,Durable Pressboard Binders,3.8,Binders and Binder Accessories
6585201,"Adams Telephone Message Book w/Frequently-Called Numbers Space, 400 Messages per",7.98,Paper
6662388,Bretford ?Just In Time?Height-Adjustable Multi-Task Work Tables,417.4,Tables
6538756,"Array?Parchment Paper, Assorted Colors",7.28,Paper
6526184,Avery Durable Poly Binders,5.53,Binders and Binder Accessories
6820807,Dana Swing-Arm Lamps,10.68,Office Furnishings
8284196,"Rubbermaid ClusterMat Chairmats, Mat Size- 66"" x 60"", Lip 20"" x 11"" -90 Degree A",110.98,Office Furnishings
8465829,"Tenex 46"" x 60"" Computer Anti-Static Chairmat, Rectangular Shaped",105.98,Office Furnishings
7237636,HP Office Paper (20Lb. and 87 Bright),6.68,Paper
6648687,Bionaire Personal Warm Mist Humidifier/Vaporizer,46.89,Appliances
504118,270c,125.99,Telephones and Communication
849887,T28 WORLD,195.99,Telephones and Communication
3551169,"#10-4 1/8"" x 9 1/2"" Premium Diagonal Seam Envelopes",15.74,Envelopes
676561,CF 888,195.99,Telephones and Communication
7132523,GBC Standard Therm-A-Bind Covers,24.92,Binders and Binder Accessories
6932161,Epson LQ-570e Dot Matrix Printer,270.97,Office Machines
8350669,Staples Premium Bright 1-Part Blank Computer Paper,12.28,Paper
7939801,Okidata ML390 Turbo Dot Matrix Printers,442.14,Office Machines
7226734,"Hon Metal Bookcases, Black",70.98,Bookcases
5041165,"24 Capacity Maxi Data Binder Racks, Pearl",210.55,Storage & Organization
7651504,"Lesro Round Back Collection Coffee Table, End Table",182.55,Tables
8041998,PC Concepts 116 Key Quantum 3000 Keyboard,32.98,Computer Peripherals
8754427,"Wilson Jones Ledger-Size, Piano-Hinge Binder, 2"", Blue",40.98,Binders and Binder Accessories
6662421,Bretford ?Just In Time?Height-Adjustable Multi-Task Work Tables,417.4,Tables
6511607,Accessory17,35.99,Telephones and Communication
8433799,Telescoping Adjustable Floor Lamp,19.99,Office Furnishings
8810817,Xerox 1898,6.68,Paper
6665134,"Barricks Non-Folding Utility Table with Steel Legs, Laminate Tops",85.29,Tables
6523809,ACCOHIDE?Binder by Acco,4.13,Binders and Binder Accessories
6958440,Eldon Executive Woodline II Cherry Finish Desk Accessories,40.89,Office Furnishings
6631695,Belkin 8 Outlet Surge Protector,40.98,Appliances
6945830,"Executive Impressions 14"" Contract Wall Clock",22.23,Office Furnishings
7258927,"Holmes Replacement Filter for HEPA Air Cleaner, Large Room",14.81,Appliances
6626864,Bevis Steel Folding Chairs,95.95,Chairs & Chairmats
7145432,"Global Leather and Oak Executive Chair, Black",300.98,Chairs & Chairmats
8364733,"Snap-A-Way?Black Print Carbonless Ruled Speed Letter, Triplicate",37.94,Paper
7032158,Fellowes Super Stor/Drawer?Files,161.55,Storage & Organization
7631166,Logitech Cordless Navigator Duo,80.98,Computer Peripherals
8332426,Sharp EL500L Fraction Calculator,13.99,Office Machines
8726700,White GlueTop Scratch Pads,15.04,Paper
7057605,"Fellowes Strictly Business?Drawer File, Letter/Legal Size",140.85,Storage & Organization
6963245,"Eureka Sanitaire ?Multi-Pro Heavy-Duty Upright, Disposable Bags",4.37,Appliances
6737484,Cardinal Holdit Business Card Pockets,4.98,Binders and Binder Accessories
6511776,Accessory36,55.99,Telephones and Communication
844415,T193,65.99,Telephones and Communication
8332602,Sharp EL500L Fraction Calculator,13.99,Office Machines
8427663,Tennsco Commercial Shelving,20.34,Storage & Organization
844123,T39m,155.99,Telephones and Communication
8427162,Tennsco Industrial Shelving,48.91,Storage & Organization
7962466,Office Star Flex Back Scooter Chair with Aluminum Finish Frame,100.89,Chairs & Chairmats
6717932,Colored Envelopes,3.69,Envelopes
6511214,Accessory13,35.99,Telephones and Communication
889507,Xerox 197,30.98,Paper
6645515,Bretford CR4500 Series Slim Rectangular Table,348.21,Tables
8810781,Xerox 1976,6.48,Paper
7255217,Hon 2090 ?Pillow Soft?Series Mid Back Swivel/Tilt Chairs,280.98,Chairs & Chairmats
7251718,Hammermill Color Copier Paper (28Lb. and 96 Bright),9.99,Paper
7157582,"GBC Prepunched Paper, 19-Hole, for Binding Systems, 24-lb",15.01,Binders and Binder Accessories
6581746,"Acme Design Line 8"" Stainless Steel Bent Scissors w/Champagne Handles, 3-1/8"" Cu",6.84,"Scissors, Rulers and Trimmers"
8351823,Serrated Blade or Curved Handle Hand Letter Openers,3.14,"Scissors, Rulers and Trimmers"
7166275,"GE 48"" Fluorescent Tube, Cool White Energy Saver, 34 Watts, 30/Box",99.23,Office Furnishings
6510719,Accessory4,85.99,Telephones and Communication
7222740,Hon GuestStacker Chair,226.67,Chairs & Chairmats
6625108,Belkin ErgoBoard?Keyboard,30.98,Computer Peripherals
8455718,"TOPS Money Receipt Book, Consecutively Numbered in Red,",8.01,Paper
8810806,Xerox 1989,4.98,Paper
7135417,"GE 4 Foot Flourescent Tube, 40 Watt",14.98,Office Furnishings
6652339,"Bush Westfield Collection Bookcases, Fully Assembled",100.98,Bookcases
7826830,Nu-Dell Leatherette Frames,14.34,Office Furnishings
7765937,"Micro Innovations Micro Digital Wireless Keyboard and Mouse, Gray",83.1,Computer Peripherals
8364208,"Snap-A-Way?Black Print Carbonless Ruled Speed Letter, Triplicate",37.94,Paper
8810613,Xerox 1994,6.48,Paper
6843804,Dixon Ticonderoga Core-Lock Colored Pencils,9.11,Pens & Art Supplies
676998,CF 688,155.99,Telephones and Communication
7033511,Fellowes Staxonsteel?Drawer Files,193.17,Storage & Organization
8059196,Panasonic KP-350BK Electric Pencil Sharpener with Auto Stop,34.58,Pens & Art Supplies
7228880,Hanging Personal Folder File,15.7,Storage & Organization
7728253,"Memorex 4.7GB DVD+RW, 3/Pack",28.48,Computer Peripherals
514417,3285,205.99,Telephones and Communication
8775703,"Wirebound Message Books, Four 2 3/4"" x 5"" Forms per Page, 600 Sets per Book",9.27,Paper
7952418,Office Star - Task Chair with Contemporary Loop Arms,90.98,Chairs & Chairmats
6540374,Acco Perma?3000 Stacking Storage Drawers,20.98,Storage & Organization
5642951,"80 Minute CD-R Spindle, 100/Pack - Staples",39.48,Computer Peripherals
659995,Avery 479,2.61,Labels
7060899,Fellowes Bankers Box?Staxonsteel?Drawer File/Stacking System,64.98,Storage & Organization
7355601,"Imation Printable White 80 Minute CD-R Spindle, 50/Pack",40.98,Computer Peripherals
6924833,Eldon?Gobal File Keepers,15.14,Storage & Organization
7563630,Kensington 7 Outlet MasterPiece?HOMEOFFICE Power Control Center,131.12,Appliances
505290,2160i,200.99,Telephones and Communication
8330291,Sharp AL-1530CS Digital Copier,499.99,Copiers and Fax
8330650,"Seth Thomas 13 1/2"" Wall Clock",17.78,Office Furnishings
8475383,"Tenex Carpeted, Granite-Look or Clear Contemporary Contour Shape Chair Mats",70.71,Office Furnishings
6642443,Bretford Rectangular Conference Table Tops,376.13,Tables
8732393,Wirebound Voice Message Log Book,4.76,Paper
5642694,"80 Minute CD-R Spindle, 100/Pack - Staples",39.48,Computer Peripherals
659173,Avery 493,4.91,Labels
7951307,O'Sullivan Manor Hill 2-Door Library in Brianna Oak,180.98,Bookcases
7832837,Novimex Swivel Fabric Task Chair,150.98,Chairs & Chairmats
7356127,"Imation Primaris 3.5"" 2HD Unformatted Diskettes, 10/Pack",4.77,Computer Peripherals
8026944,Project Tote Personal File,14.03,Storage & Organization
5119632,3M Organizer Strips,5.4,Binders and Binder Accessories
7357966,"Imation 3.5"" DS-HD Macintosh Formatted Diskettes, 10/Pack",7.28,Computer Peripherals
8341407,"Sanford Colorific Colored Pencils, 12/Box",2.88,Pens & Art Supplies
824973,R380,195.99,Telephones and Communication
8810908,Xerox 1899,5.78,Paper
7341132,"Imation IBM Formatted Diskettes, 100/Pack",28.48,Computer Peripherals
6616696,Barrel Sharpener,3.57,Pens & Art Supplies
505131,2160i,200.99,Telephones and Communication
655873,A1228,195.99,Telephones and Communication
7168628,"Gould Plastics 9-Pocket Panel Bin, 18-3/8w x 5-1/4d x 20-1/2h, Black",52.99,Storage & Organization
6672635,"Bush Westfield Collection Bookcases, Dark Cherry Finish, Fully Assembled",100.98,Bookcases
6511308,Accessory34,85.99,Telephones and Communication
6619309,Bagged Rubber Bands,1.26,Rubber Bands
7252847,Hammermill CopyPlus Copy Paper (20Lb. and 84 Bright),4.98,Paper
8065503,"Panasonic All Digital Answering System with Caller ID*, KX-TM150B",66.99,Telephones and Communication
8737118,Wilson Jones?Four-Pocket Poly Binders,6.54,Binders and Binder Accessories
6837355,"Dual Level, Single-Width Filing Carts",155.06,Storage & Organization
6915168,Economy Binders,2.08,Binders and Binder Accessories
7989859,Office Star - Mid Back Dual function Ergonomic High Back Chair with 2-Way Adjust,160.98,Chairs & Chairmats
8831606,X-Rack?File for Hanging Folders,11.29,Storage & Organization
8647734,"Verbatim DVD-RAM, 5.2GB, Rewritable, Type 1, DS",29.89,Computer Peripherals
7810119,Newell 323,1.68,Pens & Art Supplies
6929368,Eldon Portable Mobile Manager,28.28,Storage & Organization
6519324,Avery Binder Labels,3.89,Binders and Binder Accessories
6954147,Eldon Jumbo ProFile?Portable File Boxes Graphite/Black,15.31,Storage & Organization
7741234,"Master Giant Foot?Doorstop, Safety Yellow",7.59,Office Furnishings
7810565,Newell 315,5.98,Pens & Art Supplies
7556304,Kleencut?Forged Office Shears by Acme United Corporation,2.08,"Scissors, Rulers and Trimmers"
8810985,Xerox 1983,5.98,Paper
843570,T61,45.99,Telephones and Communication
6525247,Avery Poly Binder Pockets,3.58,Binders and Binder Accessories
6652842,"Bush Westfield Collection Bookcases, Fully Assembled",100.98,Bookcases
889795,Xerox 196,5.78,Paper
7826385,Nu-Dell Leatherette Frames,14.34,Office Furnishings
6717429,Colored Envelopes,3.69,Envelopes
8062417,"Pressboard Covers with Storage Hooks, 9 1/2"" x 11"", Light Blue",4.91,Binders and Binder Accessories
6940897,Eldon Simplefile?Box Office?Rob Haberlin,6.27,0.57
544506,6190,65.99,Telephones and Communication
8037193,Panasonic KX-P3200 Dot Matrix Printer,297.64,Office Machines
8736359,Wilson Jones DublLock?D-Ring Binders,6.75,Binders and Binder Accessories
8743947,"Wilson Jones Hanging View Binder, White, 1""",7.1,Binders and Binder Accessories
7041580,"Fellowes Basic 104-Key Keyboard, Platinum",20.95,Computer Peripherals
7333673,Ibico Recycled Linen-Style Covers,39.06,Binders and Binder Accessories
8332810,Self-Adhesive Ring Binder Labels,3.52,Binders and Binder Accessories
8452931,"Tenex File Box, Personal Filing Tote with Lid, Black",15.51,Storage & Organization
4930862,1726 Digital Answering Machine,20.99,Telephones and Communication
6830564,DAX Clear Channel Poster Frame,14.58,Office Furnishings
5650381,"80 Minute Slim Jewel Case CD-R , 10/Pack - Staples",8.33,Computer Peripherals
8810289,Xerox 1891,48.91,Paper
889828,Xerox 220,6.48,Paper
6753271,Computer Printout Paper with Letter-Trim Perforations,18.97,Paper
8744350,Wausau Papers Astrobrights?Colored Envelopes,5.98,Envelopes
6965271,"Executive Impressions 8-1/2"" Career Panel/Partition Cubicle Clock",10.4,Office Furnishings
6631553,Belkin MediaBoard 104- Keyboard,27.48,Computer Peripherals
6936704,"Executive Impressions 12"" Wall Clock",17.67,Office Furnishings
8352588,Southworth 25% Cotton Antique Laid Paper & Envelopes,8.34,Paper
544486,6185,205.99,Telephones and Communication
6943864,"Eldon Spacemaker?Box, Quick-Snap Lid, Clear",3.34,Pens & Art Supplies
8810718,Xerox 1995,6.48,Paper
7236256,Honeywell Quietcare HEPA Air Cleaner,78.65,Appliances
8810762,Xerox 1993,6.48,Paper
7259285,"Hon Deluxe Fabric Upholstered Stacking Chairs, Rounded Back",243.98,Chairs & Chairmats
8340575,"Strathmore #10 Envelopes, Ultimate White",52.71,Envelopes
7054749,Fellowes 8 Outlet Superior Workstation Surge Protector,41.71,Appliances
8454339,"Tyvek Interoffice Envelopes, 9 1/2"" x 12 1/2"", 100/Box",60.98,Envelopes
7025254,Fiskars?Softgrip Scissors,10.98,"Scissors, Rulers and Trimmers"
8350293,Sanyo 2.5 Cubic Foot Mid-Size Office Refrigerators,279.81,Appliances
6511561,Accessory20,85.99,Telephones and Communication
8810792,Xerox 1971,4.28,Paper
534502,5165,175.99,Telephones and Communication
7634732,Lexmark Z54se Color Inkjet Printer,90.97,Office Machines
8312506,StarTAC 7760,65.99,Telephones and Communication
8037835,"Premier Elliptical Ring Binder, Black",30.44,Binders and Binder Accessories
8736916,Wilson Jones DublLock?D-Ring Binders,6.75,Binders and Binder Accessories
7730712,Micro Innovations 104 Keyboard,10.97,Computer Peripherals
6972942,"Eldon Expressions Punched Metal & Wood Desk Accessories, Pewter & Cherry",10.64,Office Furnishings
6964519,Eureka Disposable Bags for Sanitaire?Vibra Groomer I?Upright Vac,4.06,Appliances
7142839,GBC Standard Plastic Binding Systems Combs,8.85,Binders and Binder Accessories
659367,Avery 520,3.15,Labels
7076282,"Fellowes Premier Superior Surge Suppressor, 10-Outlet, With Phone and Remote",48.92,Appliances
6747754,"Cardinal Slant-D?Ring Binder, Heavy Gauge Vinyl",8.69,Binders and Binder Accessories
7025511,Fiskars?Softgrip Scissors,10.98,"Scissors, Rulers and Trimmers"
8455980,"TOPS Money Receipt Book, Consecutively Numbered in Red,",8.01,Paper
889341,Xerox 226,6.48,Paper
8345209,Sanford 52201 APSCO Electric Pencil Sharpener,40.97,Pens & Art Supplies
7626934,Laminate Occasional Tables,154.13,Tables
8218885,Round Ring Binders,2.08,Binders and Binder Accessories
6826536,Durable Pressboard Binders,3.8,Binders and Binder Accessories
658269,Avery 52,3.69,Labels
659597,Avery 492,2.88,Labels
6945942,"Executive Impressions 13"" Chairman Wall Clock",25.38,Office Furnishings
6612204,Binder Posts,5.74,Binders and Binder Accessories
659979,Avery 498,2.89,Labels
8810296,Xerox 1891,48.91,Paper
6820716,DIXON Oriole?Pencils,2.58,Pens & Art Supplies
6521906,Avery Durable Binders,2.88,Binders and Binder Accessories
659423,Avery 510,3.75,Labels
8320214,"Super Bands, 12/Pack",1.86,Rubber Bands
1058496,iDEN i95,65.99,Telephones and Communication
8322991,Staples 6 Outlet Surge,11.97,Appliances
7627238,Lock-Up Easel 'Spel-Binder',28.53,Binders and Binder Accessories
7727383,"Memorex 4.7GB DVD+R, 3/Pack",15.28,Computer Peripherals
5150784,"3M Polarizing Task Lamp with Clamp Arm, Light Gray",136.98,Office Furnishings
6561688,"Advantus Employee of the Month Certificate Frame, 11 x 13-1/2",30.93,Office Furnishings
7952659,Office Star Flex Back Scooter Chair with White Frame,110.98,Chairs & Chairmats
7251536,"Howard Miller 11-1/2"" Diameter Ridgewood Wall Clock",51.94,Office Furnishings
8355515,Southworth 25% Cotton Premium Laser Paper and Envelopes,19.98,Paper
7253111,Howard Miller 12-3/4 Diameter Accuwave DS ?Wall Clock,78.69,Office Furnishings
7627305,Lock-Up Easel 'Spel-Binder',28.53,Binders and Binder Accessories
8312601,StarTAC 7760,65.99,Telephones and Communication
8338390,"Seth Thomas 12"" Clock w/ Goldtone Case",22.98,Office Furnishings
6644394,Bevis Round Conference Room Tables and Bases,179.29,Tables
3529147,#10 Self-Seal White Envelopes,11.09,Envelopes
8810796,Xerox 1885,48.04,Paper
7032169,Fellowes Super Stor/Drawer?Files,161.55,Storage & Organization
6533997,"Advantus Push Pins, Aluminum Head",5.81,Rubber Bands
6540743,Acco Perma?2700 Stacking Storage Drawers,29.74,Storage & Organization
6567781,"Acco Pressboard Covers with Storage Hooks, 14 7/8"" x 11"", Dark Blue",3.81,Binders and Binder Accessories
6626520,Bevis Steel Folding Chairs,95.95,Chairs & Chairmats
8341800,"Staples Vinyl Coated Paper Clips, 800/Box",7.89,Rubber Bands
6631365,Bevis 36 x 72 Conference Tables,124.49,Tables
8433472,Telescoping Adjustable Floor Lamp,19.99,Office Furnishings
8458249,"Tenex Personal Self-Stacking Standard File Box, Black/Gray",16.91,Storage & Organization
6533571,"Advantus Push Pins, Aluminum Head",5.81,Rubber Bands
7744312,"Micro Innovations Micro 3000 Keyboard, Black",26.31,Computer Peripherals
766750,LX 677,110.99,Telephones and Communication
6652614,"Bush Westfield Collection Bookcases, Fully Assembled",100.98,Bookcases
6732533,Canon MP41DH Printing Calculator,150.98,Office Machines
554539,7160,140.99,Telephones and Communication
6651884,Belkin 8 Outlet SurgeMaster II Gold Surge Protector,59.98,Appliances
6830289,DAX Clear Channel Poster Frame,14.58,Office Furnishings
7729239,"Memorex 4.7GB DVD-RAM, 3/Pack",31.78,Computer Peripherals
8024247,Prang Drawing Pencil Set,2.78,Pens & Art Supplies
6932164,Euro Pro Shark Stick Mini Vacuum,60.98,Appliances
775364,M3682,125.99,Telephones and Communication
8312302,StarTAC 6500,125.99,Telephones and Communication
8324164,SAFCO Arco Folding Chair,276.2,Chairs & Chairmats
6957401,Eldon Advantage?Chair Mats for Low to Medium Pile Carpets,43.31,Office Furnishings
837452,SC7868i,125.99,Telephones and Communication
7246884,HP Office Recycled Paper (20Lb. and 87 Bright),5.78,Paper
756573,KF 788,45.99,Telephones and Communication
7636506,Logitech Internet Navigator Keyboard,30.98,Computer Peripherals
6523400,ACCOHIDE?Binder by Acco,4.13,Binders and Binder Accessories
7945353,"O'Sullivan Elevations Bookcase, Cherry Finish",130.98,Bookcases
8351503,Serrated Blade or Curved Handle Hand Letter Openers,3.14,"Scissors, Rulers and Trimmers"
8453292,"Tyvek ?Top-Opening Peel & Seel Envelopes, Plain White",27.18,Envelopes
7534159,Keytronic 105-Key Spanish Keyboard,73.98,Computer Peripherals
4233796,"*Staples* vLetter Openers, 2/Pack",3.68,"Scissors, Rulers and Trimmers"
7264365,Hon 4700 Series Mobuis?Mid-Back Task Chairs with Adjustable Arms,355.98,Chairs & Chairmats
7989568,Office Star - Mid Back Dual function Ergonomic High Back Chair with 2-Way Adjust,160.98,Chairs & Chairmats
7139390,Global Adaptabilities?Conference Tables,280.98,Tables
7727472,Motorola SB4200 Cable Modem,179.99,Computer Peripherals
6581468,"Acme Design Line 8"" Stainless Steel Bent Scissors w/Champagne Handles, 3-1/8"" Cu",6.84,"Scissors, Rulers and Trimmers"
7445719,Jet-Pak Recycled Peel 'N' Seal Padded Mailers,35.89,Envelopes
8736369,Wilson Jones DublLock?D-Ring Binders,6.75,Binders and Binder Accessories
8328589,Strathmore Photo Mount Cards,6.78,Paper
8810636,Xerox 1978,5.78,Paper
7135728,"GBC White Gloss Covers, Plain Front",14.48,Binders and Binder Accessories
7139280,GBC DocuBind 200 Manual Binding Machine,420.98,Binders and Binder Accessories
8357851,Self-Adhesive Address Labels for Typewriters by Universal,7.31,Labels
7945875,"O'Sullivan Elevations Bookcase, Cherry Finish",130.98,Bookcases
8810133,Xerox 1891,48.91,Paper
7033764,Fellowes Recycled Storage Drawers,111.03,Storage & Organization
4950265,"1.7 Cubic Foot Compact ""Cube"" Office Refrigerators",208.16,Appliances
6872433,"DAX Contemporary Wood Frame with Silver Metal Mat, Desktop, 11 x 14 Size",20.24,Office Furnishings
7810449,Newell 312,5.84,Pens & Art Supplies
659241,Avery 487,3.69,Labels
659460,Avery 487,3.69,Labels
8351732,Serrated Blade or Curved Handle Hand Letter Openers,3.14,"Scissors, Rulers and Trimmers"
6927882,"Eureka Hand Vacuum, Bagless",49.43,Appliances
6517884,Airmail Envelopes,83.93,Envelopes
7525917,Keytronic French Keyboard,73.98,Computer Peripherals
8415908,TDK 4.7GB DVD-R,10.01,Computer Peripherals
8062212,"Pressboard Covers with Storage Hooks, 9 1/2"" x 11"", Light Blue",4.91,Binders and Binder Accessories
7224691,Hon Olson Stacker Stools,140.81,Chairs & Chairmats
7810448,Newell 314,5.58,Pens & Art Supplies
7131773,Global Ergonomic Managers Chair,180.98,Chairs & Chairmats
8810564,Xerox 1995,6.48,Paper
6631713,Belkin 8 Outlet Surge Protector,40.98,Appliances
6729681,Canon Image Class D660 Copier,599.99,Copiers and Fax
8810843,Xerox 1919,40.99,Paper
6954987,Eldon Jumbo ProFile?Portable File Boxes Graphite/Black,15.31,Storage & Organization
6511371,Accessory27,35.99,Telephones and Communication
6628666,Berol Giant Pencil Sharpener,16.99,Pens & Art Supplies
8635553,Verbatim DVD-R 4.7GB authoring disc,39.24,Computer Peripherals
8455503,"TOPS Money Receipt Book, Consecutively Numbered in Red,",8.01,Paper
889580,Xerox 227,6.48,Paper
8348188,"Sauder Forest Hills Library, Woodland Oak Finish",140.98,Bookcases
7139993,GBC VeloBinder Electric Binding Machine,120.98,Binders and Binder Accessories
6510317,Accessory4,85.99,Telephones and Communication
7678763,"Lesro Sheffield Collection Coffee Table, End Table, Center Table, Corner Table",71.37,Tables
,"""Adams Phone Message Book",,400 Message Capacity
962,Microsoft Internet Keyboard,,32871
963,Xerox 1962,,33600
964,636,,33632
965,Global Commerce?Series High-Back Swivel/Tilt Chairs,,33665
966,Wilson Jones Easy Flow II?Sheet Lifters,,34434
967,Avery White Multi-Purpose Labels,,34434
968,Accessory25,,34753
969,Xerox 199,,35364
970,Bretford Rectangular Conference Table Tops,,35364
971,Bush Advantage Collection?Racetrack Conference Table,,35364
972,T28 WORLD,,35364
973,Hon Comfortask?Task/Swivel Chairs,,35812
974,Fellowes 17-key keypad for PS/2 interface,,35812
975,Xerox 1938,,35812
976,"Executive Impressions 12"""""""" Wall Clock""""""",17.67,Office Furnishings
4930374,1726 Digital Answering Machine,20.99,Telephones and Communication
7258739,Hon 4070 Series Pagoda?Armless Upholstered Stacking Chairs,291.73,Chairs & Chairmats
8235503,Rediform S.O.S. Phone Message Books,4.98,Paper
8312393,StarTAC 3000,125.99,Telephones and Communication
8334379,Staples?General Use 3-Ring Binders,1.88,Binders and Binder Accessories
6536601,Adesso Programmable 142-Key Keyboard,152.48,Computer Peripherals
6532984,"ACCOHIDE?3-Ring Binder, Blue, 1""",4.13,Binders and Binder Accessories
6539822,Ampad #10 Peel & Seel?Holiday Envelopes,4.48,Envelopes
7357585,"Imation 3.5"" DS-HD Macintosh Formatted Diskettes, 10/Pack",7.28,Computer Peripherals
6826270,Durable Pressboard Binders,3.8,Binders and Binder Accessories
7145936,"Global Leather and Oak Executive Chair, Black",300.98,Chairs & Chairmats
5119781,3M Organizer Strips,5.4,Binders and Binder Accessories
8810708,Xerox 1983,5.98,Paper
6547619,Advantus Map Pennant Flags and Round Head Tacks,3.95,Rubber Bands
7989902,Office Star - Mid Back Dual function Ergonomic High Back Chair with 2-Way Adjust,160.98,Chairs & Chairmats
6652318,"Belkin 107-key enhanced keyboard, USB/PS/2 interface",17.98,Computer Peripherals
534189,5185,115.99,Telephones and Communication
7245540,Hon Every-Day?Chair Series Swivel Task Chairs,120.98,Chairs & Chairmats
659532,Avery 494,2.61,Labels
8810756,Xerox 1905,6.48,Paper
6837723,Dana Halogen Swing-Arm Architect Lamp,40.97,Office Furnishings
7720233,Maxell DVD-RAM Discs,16.48,Computer Peripherals
6872319,"DAX Contemporary Wood Frame with Silver Metal Mat, Desktop, 11 x 14 Size",20.24,Office Furnishings
