ItemID,Item,Customer_name
250,Belkin 6 Outlet Metallic Surge Strip,Delfina Latchford
251,Xerox 21,Delfina Latchford
252,GBC DocuBind TL200 Manual Binding Machine,Roy Skaria
253,"Sauder Forest Hills Library""",Woodland Oak Finis
962,Microsoft Internet Keyboard,Jim Karlsson
963,Xerox 1962,Sonia Sunley
964,636,Alex Avila
965,Global Commerce?Series High-Back Swivel/Tilt Chairs,Lisa DeCherney
966,Wilson Jones Easy Flow II?Sheet Lifters,Barbara Fisher
967,Avery White Multi-Purpose Labels,Barbara Fisher
968,Accessory25,Barbara Fisher
969,Xerox 199,Lisa DeCherney
970,Bretford Rectangular Conference Table Tops,Lisa DeCherney
971,Bush Advantage Collection?Racetrack Conference Table,Lisa DeCherney
972,T28 WORLD,Lisa DeCherney
973,Hon Comfortask?Task/Swivel Chairs,Barbara Fisher
974,Fellowes 17-key keypad for PS/2 interface,Barbara Fisher
975,Xerox 1938,Barbara Fisher
976,"Executive Impressions 12"""""""" Wall Clock""""""",Alex Avila
503339,252,Frank Atkinson
503892,252,Ralph Knight
504118,270c,Jennifer Braxton
504241,2180,Christopher Schild
505131,2160i,Rob Haberlin
505290,2160i,Matt Collins
505627,2160i,Ralph Knight
514379,3390,Delfina Latchford
514417,3285,Matt Collins
514427,3390,Alan Barnes
534189,5185,Alex Avila
534502,5165,Luke Weiss
534585,5125,Michelle Lonsdale
543242,688,Erica Bern
544364,6160,Cindy Schnelling
544486,6185,Sanjit Chand
544506,6190,Julie Creighton
544779,6160,Dorothy Wardle
554539,7160,Sonia Sunley
564409,8290,Jim Radford
564592,8260,Frank Price
564626,8860,Don Jones
564677,8260,Fred Wasserman
564784,8860,Jack Lebron
564787,8260,Heather Kirkland
655529,A1228,Carlos Daly
655873,A1228,Rob Haberlin
658269,Avery 52,Rob Haberlin
658431,Avery 52,Carlos Soltero
658893,Avery 49,Aaron Bergman
658954,Avery 51,Monica Federle
659124,Avery 506,Grant Carroll
659173,Avery 493,Lena Cacioppo
659209,Avery 493,Neola Schneider
659241,Avery 491,Bryan Davis
659241,Avery 487,Dennis Bolton
659355,Avery 481,Brad Eason
659359,Avery 498,Allen Rosenblatt
659367,Avery 520,Sally Knutson
659368,Avery 487,Carl Jackson
659423,Avery 510,Michelle Arnett
659435,Avery 474,Clay Rozendal
659436,Avery 506,Joy Bell
659460,Avery 487,Sonia Sunley
659471,Avery 507,Sylvia Foulston
659485,Avery 478,Don Miller
659532,Avery 494,Lisa DeCherney
659537,Avery 494,Toby Braunhardt
659541,Avery 497,Erica Bern
659573,Avery 506,Alan Barnes
659597,Avery 510,Annie Cyprus
659597,Avery 492,Sally Knutson
659603,Avery 493,Harold Engle
659700,Avery 492,Mike Pelletier
659777,Avery 479,Henry Goldwyn
659874,Avery 485,Andrew Gjertsen
659979,Avery 498,Christina DeMoss
659995,Avery 479,Rob Haberlin
676345,CF 888,Eugene Barchas
676561,CF 888,Jim Sink
676998,CF 688,Julie Creighton
756573,KF 788,Anna Andreadi
756882,KF 788,Joy Smith
766438,LX 677,Hilary Holden
766725,LX 788,Jim Radford
766750,LX 677,Christina DeMoss
766879,LX 788,Annie Cyprus
775364,M3682,Alex Avila
775644,M3682,Filia McAdams
824262,R280,Grant Carroll
824852,R380,Clay Rozendal
824973,R380,Christina Vanderza
837452,SC7868i,Emily Grady
843570,T61,Lena Cacioppo
843653,T18,Carlos Daly
844123,T39m,Christopher Schild
844415,T193,Guy Armstrong
844947,T39m,Beth Thompson
849887,T28 WORLD,Jennifer Braxton
888771,Xerox 20,Bryan Davis
889145,Xerox 217,Beth Paige
889145,Xerox 190,Anthony Johnson
889151,Xerox 220,Carlos Soltero
889154,Xerox 188,Muhammed MacIntyre
889180,Xerox 198,Dorothy Badders
889331,Xerox 214,Nicole Hansen
889338,Xerox 213,Grant Carroll
889341,Xerox 226,Sally Knutson
889507,Xerox 197,Harold Engle
889580,Xerox 227,Anna Andreadi
889736,Xerox 194,Ralph Knight
889756,Xerox 224,Doug Bickford
889765,Xerox 213,Greg Guthrie
889795,Xerox 196,Seth Vernon
889821,Xerox 197,Grant Carroll
889828,Xerox 220,Lena Cacioppo
1034836,g520,Jim Radford
1054853,i470,Michelle Lonsdale
1055587,i1000,Harold Engle
1058496,iDEN i95,Sanjit Chand
3529147,#10 Self-Seal White Envelopes,Marina Lichtenstei
3539954,"#10- 4 1/8"" x 9 1/2"" Recycled Envelopes",Harold Engle
3542115,"#10 White Business Envelopes,4 1/8 x 9 1/2",Barry Weirich
3544126,"#10- 4 1/8"" x 9 1/2"" Security-Tint Envelopes",Alan Barnes
3551169,"#10-4 1/8"" x 9 1/2"" Premium Diagonal Seam Envelopes",Erica Bern
3551251,"#10-4 1/8"" x 9 1/2"" Premium Diagonal Seam Envelopes",Allen Rosenblatt
4223630,*Staples* Letter Opener,Hilary Holden
4226535,*Staples* Packaging Labels,Dan Reichenbach
4230889,*Staples* Highlighting Markers,Greg Guthrie
4233359,"*Staples* vLetter Openers, 2/Pack",Carlos Soltero
4233434,"*Staples* vLetter Openers, 2/Pack",Cindy Schnelling
4233796,"*Staples* vLetter Openers, 2/Pack",Sonia Sunley
4924650,12 Colored Short Pencils,Alan Barnes
4924703,12 Colored Short Pencils,Guy Armstrong
4930374,1726 Digital Answering Machine,Roy Skaria
4930862,1726 Digital Answering Machine,Luke Weiss
4932137,12-1/2 Diameter Round Wall Clock,Dorothy Wardle
4932838,12-1/2 Diameter Round Wall Clock,Julia West
4932914,12-1/2 Diameter Round Wall Clock,Greg Guthrie
4950265,"1.7 Cubic Foot Compact ""Cube"" Office Refrigerators",Sonia Sunley
4950974,"1.7 Cubic Foot Compact ""Cube"" Office Refrigerators",Barry French
5041165,"24 Capacity Maxi Data Binder Racks, Pearl",Guy Armstrong
5119253,3M Organizer Strips,Sylvia Foulston
5119632,3M Organizer Strips,Sally Knutson
5119781,3M Organizer Strips,Barbara Fisher
5119818,300 Series Non-Flip,Sylvia Foulston
5121262,3M Office Air Cleaner,Beth Paige
5132421,3M Hangers With Command Adhesive,Carlos Soltero
5150246,"3M Polarizing Task Lamp with Clamp Arm, Light Gray",Cari Schnelling
5150458,"3M Polarizing Task Lamp with Clamp Arm, Light Gray",Jim Radford
5150784,"3M Polarizing Task Lamp with Clamp Arm, Light Gray",Luke Weiss
5415927,600 Series Flip,Ralph Knight
5642268,"80 Minute CD-R Spindle, 100/Pack - Staples",Carlos Soltero
5642325,"80 Minute CD-R Spindle, 100/Pack - Staples",Ann Chong
5642669,"80 Minute CD-R Spindle, 100/Pack - Staples",Dorothy Wardle
5642694,"80 Minute CD-R Spindle, 100/Pack - Staples",Lena Cacioppo
5642951,"80 Minute CD-R Spindle, 100/Pack - Staples",Rob Haberlin
5650381,"80 Minute Slim Jewel Case CD-R , 10/Pack - Staples",Christina Vanderza
5650921,"80 Minute Slim Jewel Case CD-R , 10/Pack - Staples",Annie Cyprus
5731608,9-3/4 Diameter Round Wall Clock,Carlos Soltero
6510134,Accessory8,Carl Jackson
6510317,Accessory4,Kelly Williams
6510609,Accessory4,Joy Bell
6510642,Accessory6,Dorothy Wardle
6510719,Accessory4,Logan Haushalter
6510757,Accessory9,Beth Paige
6510841,Accessory2,Carlos Soltero
6511117,Accessory36,Frank Price
6511162,Accessory31,Carl Jackson
6511189,Accessory21,Clay Rozendal
6511214,Accessory13,Brian Moss
6511269,Accessory24,Fred Wasserman
6511285,Accessory31,Roy French
6511308,Accessory34,Justin Knight
6511330,Accessory39,Heather Kirkland
6511371,Accessory27,Alex Avila
6511381,Accessory29,Bryan Mills
6511496,Accessory36,Dorothy Wardle
6511509,Accessory39,Claudia Miner
6511561,Accessory20,Michelle Arnett
6511607,Accessory17,Carlos Soltero
6511647,Accessory37,Alan Barnes
6511729,Accessory12,Beth Paige
6511776,Accessory36,Logan Haushalter
6511829,Accessory21,Cindy Schnelling
6511924,Accessory37,Toby Braunhardt
6511954,Accessory21,Allen Rosenblatt
6516189,Array?Memo Cubes,Beth Thompson
6517884,Airmail Envelopes,Kelly Williams
6519268,Avery Binder Labels,Eugene Barchas
6519324,Avery Binder Labels,Michelle Arnett
6521906,Avery Durable Binders,Sally Knutson
6523162,Aluminum Document Frame,Christopher Schild
6523177,Aluminum Document Frame,Monica Federle
6523180,Avery Arch Ring Binders,Ann Chong
6523400,ACCOHIDE?Binder by Acco,Barbara Fisher
6523809,ACCOHIDE?Binder by Acco,Carlos Soltero
6524874,Assorted Color Push Pins,Sylvia Foulston
6525247,Avery Poly Binder Pockets,Seth Vernon
6525587,"Acme?8"" Straight Scissors",Joy Bell
6525682,"Acme?8"" Straight Scissors",Jeremy Lonsdale
6525893,Avery Poly Binder Pockets,Susan Vittorini
6525926,Avery Legal 4-Ring Binder,Hilary Holden
6526184,Avery Durable Poly Binders,Philip Brown
6526425,Acco?Hot Clips?Clips to Go,Susan Vittorini
6531294,Avanti 4.4 Cu. Ft. Refrigerator,Roy French
6531628,Avanti 4.4 Cu. Ft. Refrigerator,Helen Abelman
6532247,"ACCOHIDE?3-Ring Binder, Blue, 1""",Carlos Daly
6532984,"ACCOHIDE?3-Ring Binder, Blue, 1""",Dennis Bolton
6533571,"Advantus Push Pins, Aluminum Head",Sally Knutson
6533997,"Advantus Push Pins, Aluminum Head",Monica Federle
6536137,"Avery Flip-Chart Easel Binder, Black",Michelle Lonsdale
6536495,"AT&T Black Trimline Phone, Model 210",Muhammed MacIntyre
6536601,Adesso Programmable 142-Key Keyboard,Kelly Williams
6536730,"Avery Flip-Chart Easel Binder, Black",Hunter Glantz
6536908,"AT&T Black Trimline Phone, Model 210",Edward Hooks
6538756,"Array?Parchment Paper, Assorted Colors",Chuck Magee
6539822,Ampad #10 Peel & Seel?Holiday Envelopes,Dennis Bolton
6540374,Acco Perma?3000 Stacking Storage Drawers,Rob Haberlin
6540612,Acco Perma?2700 Stacking Storage Drawers,Nicole Hansen
6540743,Acco Perma?2700 Stacking Storage Drawers,Monica Federle
6540883,Acco Perma?2700 Stacking Storage Drawers,Carl Ludwig
6540895,Acco Suede Grain Vinyl Round Ring Binder,Greg Guthrie
6543654,"Avery Trapezoid Extra Heavy Duty 4"" Binders",Charles McCrossin
6545922,Avery Hi-Liter?Fluorescent Desk Style Markers,Christopher Schild
6547483,Advantus Map Pennant Flags and Round Head Tacks,Neola Schneider
6547619,Advantus Map Pennant Flags and Round Head Tacks,Seth Vernon
6548100,APC 7 Outlet Network SurgeArrest Surge Protector,Ann Chong
6549254,"Angle-D Binders with Locking Rings, Label Holders",Ralph Knight
6549330,"Angle-D Binders with Locking Rings, Label Holders",Carl Jackson
6555191,"Atlantic Metals Mobile 3-Shelf Bookcases, Custom Colors",Don Miller
6555593,"Atlantic Metals Mobile 5-Shelf Bookcases, Custom Colors",Harold Engle
6556267,AT&T 2230 Dual Handset Phone With Caller ID/Call Waiting,Thomas Seio
6560700,"Avery Trapezoid Ring Binder, 3"" Capacity, Black, 1040 sheets",Claudia Miner
6561688,"Advantus Employee of the Month Certificate Frame, 11 x 13-1/2",Luke Weiss
6567217,"Adams Write n' Stick Phone Message Book, 11"" X 5 1/4"", 200 Messages",Susan Vittorini
6567708,"Acco Pressboard Covers with Storage Hooks, 14 7/8"" x 11"", Dark Blue",Jennifer Braxton
6567781,"Acco Pressboard Covers with Storage Hooks, 14 7/8"" x 11"", Dark Blue",Michelle Arnett
6569904,"Acco Smartsocket?Table Surge Protector, 6 Color-Coded Adapter Outlets",Sylvia Foulston
6581165,"Acme Design Line 8"" Stainless Steel Bent Scissors w/Champagne Handles, 3-1/8"" Cu",Doug Bickford
6581293,"Avery 4027 File Folder Labels for Dot Matrix Printers, 5000 Labels per Box, Whit",Carlos Soltero
6581468,"Acme Design Line 8"" Stainless Steel Bent Scissors w/Champagne Handles, 3-1/8"" Cu",Jocasta Rupert
6581604,"Acme Hot Forged Carbon Steel Scissors with Nickel-Plated Handles, 3 7/8"" Cut, 8""",Dorothy Wardle
6581746,"Acme Design Line 8"" Stainless Steel Bent Scissors w/Champagne Handles, 3-1/8"" Cu",Guy Armstrong
6585201,"Adams Telephone Message Book w/Frequently-Called Numbers Space, 400 Messages per",Carlos Soltero
6592525,"Adams Telephone Message Book W/Dividers/Space For Phone Numbers, 5 1/4""X8 1/2"",",Beth Thompson
6612204,Binder Posts,Marina Lichtenstei
6612521,Binder Posts,Edward Hooks
6616696,Barrel Sharpener,Rob Haberlin
6619216,Bagged Rubber Bands,Monica Federle
6619309,Bagged Rubber Bands,Christina Vanderza
6619984,Binder Clips by OIC,Philip Brown
6625108,Belkin ErgoBoard?Keyboard,Christopher Schild
6625867,Belkin ErgoBoard?Keyboard,Evan Minnotte
6626313,Bevis Steel Folding Chairs,Julia West
6626520,Bevis Steel Folding Chairs,Michelle Arnett
6626864,Bevis Steel Folding Chairs,Joy Smith
6627245,Bush Mission Pointe Library,Roy Skaria
6627517,Bush Mission Pointe Library,Doug Bickford
6627959,Bush Mission Pointe Library,Jennifer Braxton
6628139,Bell Sonecor JB700 Caller ID,Becky Castell
6628194,Bell Sonecor JB700 Caller ID,Michelle Lonsdale
6628245,Bell Sonecor JB700 Caller ID,Jack Lebron
6628396,Bell Sonecor JB700 Caller ID,Grant Carroll
6628666,Berol Giant Pencil Sharpener,Sarah Foster
6629486,Belkin 105-Key Black Keyboard,Giulietta Baptist
6630917,Brown Kraft Recycled Envelopes,Sylvia Foulston
6631136,Bevis 36 x 72 Conference Tables,Hunter Glantz
6631365,Bevis 36 x 72 Conference Tables,Michelle Arnett
6631553,Belkin MediaBoard 104- Keyboard,Julie Creighton
6631695,Belkin 8 Outlet Surge Protector,Greg Guthrie
6631713,Belkin 8 Outlet Surge Protector,Anna Andreadi
6631795,Bevis 36 x 72 Conference Tables,Greg Guthrie
6634248,Bevis Boat-Shaped Conference Table,Doug Bickford
6639475,"Bevis Round Bullnose 29"" High Table Top",Neola Schneider
6640355,"Bevis Round Conference Table Top, X-Base",Jamie Kunitz
6642443,Bretford Rectangular Conference Table Tops,Justin Knight
6644394,Bevis Round Conference Room Tables and Bases,Sanjit Chand
6644765,Boston KS Multi-Size Manual Pencil Sharpener,Evan Minnotte
6645403,Boston 1730 StandUp Electric Pencil Sharpener,Carl Jackson
6645515,Bretford CR4500 Series Slim Rectangular Table,Harold Engle
6645562,Boston 1730 StandUp Electric Pencil Sharpener,Frank Atkinson
6645778,Bretford CR4500 Series Slim Rectangular Table,Frank Atkinson
6646442,Boston 16701 Slimline Battery Pencil Sharpener,Don Miller
6648179,Bionaire Personal Warm Mist Humidifier/Vaporizer,Jeremy Lonsdale
6648687,Bionaire Personal Warm Mist Humidifier/Vaporizer,Greg Guthrie
6650800,Boston 19500 Mighty Mite Electric Pencil Sharpener,Harold Engle
6651309,Belkin 8 Outlet SurgeMaster II Gold Surge Protector,Doug Bickford
6651884,Belkin 8 Outlet SurgeMaster II Gold Surge Protector,Anthony O'Donnell
6651996,Boston 16765 Mini Stand Up Battery Pencil Sharpener,Ralph Arnett
6652318,"Belkin 107-key enhanced keyboard, USB/PS/2 interface",Alex Avila
6652339,"Bush Westfield Collection Bookcases, Fully Assembled",Jack Lebron
6652614,"Bush Westfield Collection Bookcases, Fully Assembled",Joy Smith
6652842,"Bush Westfield Collection Bookcases, Fully Assembled",Seth Vernon
6653622,Bevis Round Conference Table Top & Single Column Base,Brendan Dodson
6660368,"Boston Electric Pencil Sharpener, Model 1818, Charcoal Black",Adrian Hane
6662388,Bretford ?Just In Time?Height-Adjustable Multi-Task Work Tables,Carlos Soltero
6662421,Bretford ?Just In Time?Height-Adjustable Multi-Task Work Tables,Greg Guthrie
6665134,"Barricks Non-Folding Utility Table with Steel Legs, Laminate Tops",Greg Guthrie
6665519,BoxOffice By Design Rectangular and Half-Moon Meeting Room Tables,Beth Thompson
6665948,BoxOffice By Design Rectangular and Half-Moon Meeting Room Tables,Nicole Hansen
6670499,"Barricks 18"" x 48"" Non-Folding Utility Table with Bottom Storage Shelf",Beth Thompson
6672635,"Bush Westfield Collection Bookcases, Dark Cherry Finish, Fully Assembled",Justin Knight
6672941,"Bush Westfield Collection Bookcases, Dark Cherry Finish, Fully Assembled",Dorothy Wardle
6682960,"Bush Heritage Pine Collection 5-Shelf Bookcase, Albany Pine Finish, *Special Ord",Grant Carroll
6717155,Colored Envelopes,Erica Bern
6717429,Colored Envelopes,Luke Weiss
6717932,Colored Envelopes,Jennifer Braxton
6718363,Canon PC940 Copier,Carl Ludwig
6722249,Coloredge Poster Frame,Dan Reichenbach
6727268,Crate-A-Files?Grant Carroll,13280
6728385,Colorific?Watercolor Pencils,Carlos Soltero
6728710,Canon PC-428 Personal Copier,Filia McAdams
6728874,Canon PC-428 Personal Copier,Hilary Holden
6729208,Canon Image Class D660 Copier,Jack Lebron
6729531,Crate-A-Files?Andrew Gjertsen,6916
6729681,Canon Image Class D660 Copier,Seth Vernon
6730251,Col-Erase?Pencils with Erasers,Grant Carroll
6731583,Canon S750 Color Inkjet Printer,Susan Vittorini
6732319,Canon MP41DH Printing Calculator,Carlos Daly
6732533,Canon MP41DH Printing Calculator,Joy Smith
6732852,Canon MP41DH Printing Calculator,Frank Price
6734185,Canon PC1060 Personal Laser Copier,Brendan Dodson
6734337,Canon PC1060 Personal Laser Copier,Hilary Holden
6735185,Canon MP100DHII Printing Calculator,Charlotte Melton
6736997,Catalog Binders with Expanding Posts,Jennifer Braxton
6737368,Canon imageCLASS 2200 Advanced Copier,Erica Bern
6737484,Cardinal Holdit Business Card Pockets,Brian Moss
6739772,Canon P1-DHIII Palm Printing Calculator,Alan Barnes
6747204,"Cardinal Slant-D?Ring Binder, Heavy Gauge Vinyl",Barry French
6747466,"Cardinal Slant-D?Ring Binder, Heavy Gauge Vinyl",Annie Cyprus
6747754,"Cardinal Slant-D?Ring Binder, Heavy Gauge Vinyl",Michelle Arnett
6753271,Computer Printout Paper with Letter-Trim Perforations,Seth Vernon
6753329,Computer Printout Paper with Letter-Trim Perforations,Nicole Hansen
6753565,Cardinal Poly Pocket Divider Pockets for Ring Binders,Brendan Dodson
6753934,Computer Printout Paper with Letter-Trim Perforations,Carlos Soltero
6754131,Canon BP1200DH 12-Digit Bubble Jet Printing Calculator,Brendan Dodson
6758396,Carina Double Wide Media Storage Towers in Natural & Black,Claudia Miner
6758939,Carina Double Wide Media Storage Towers in Natural & Black,Nicole Hansen
6765777,"Chromcraft Bull-Nose Wood 48"" x 96"" Rectangular Conference Tables",Erica Bern
6774189,"C-Line Cubicle Keepers Polyproplyene Holder w/Velcro?Back, 8-1/2x11, 25/Bx",Joy Bell
6782873,"Conquest?14 Commercial Heavy-Duty Upright Vacuum, Collection System, Accessory K",Jack Lebron
6820716,DIXON Oriole?Pencils,Luke Weiss
6820807,Dana Swing-Arm Lamps,Hilary Holden
6821263,DAX Solid Wood Frames,Jamie Kunitz
6826270,Durable Pressboard Binders,Jim Karlsson
6826536,Durable Pressboard Binders,Rob Haberlin
6826664,Durable Pressboard Binders,Carlos Soltero
6826972,Durable Pressboard Binders,Ann Chong
6830289,DAX Clear Channel Poster Frame,Anthony O'Donnell
6830564,DAX Clear Channel Poster Frame,Luke Weiss
6830752,DAX Clear Channel Poster Frame,Philip Brown
6834843,DAX Natural Wood-Tone Poster Frame,Harold Engle
6837156,"Dixon My First Ticonderoga Pencil, #2",Susan Vittorini
6837276,Dana Halogen Swing-Arm Architect Lamp,Bryan Mills
6837355,"Dual Level, Single-Width Filing Carts",Justin Knight
6837379,Dana Halogen Swing-Arm Architect Lamp,Michelle Lonsdale
6837439,"Dixon My First Ticonderoga Pencil, #2",Jim Sink
6837504,"Dixon My First Ticonderoga Pencil, #2",Andrew Gjertsen
6837574,"Dual Level, Single-Width Filing Carts",Ralph Arnett
6837723,Dana Halogen Swing-Arm Architect Lamp,Anthony O'Donnell
6838104,"DAX Metal Frame, Desktop, Stepped-Edge",Julia West
6840296,Deluxe Rollaway Locking File with Drawer,Carlos Daly
6840425,Deluxe Rollaway Locking File with Drawer,Beth Thompson
6843121,"Deflect-o EconoMat Nonstudded, No Bevel Mat",Harold Engle
6843141,"Deflect-o EconoMat Nonstudded, No Bevel Mat",Christopher Schild
6843174,"DAX Copper Panel Document Frame, 5 x 7 Size",Brad Eason
6843804,Dixon Ticonderoga Core-Lock Colored Pencils,Julie Creighton
6848473,"DXL?Angle-View Binders with Locking Rings, Black",Frank Price
6849239,"DS/HD IBM Formatted Diskettes, 200/Pack - Staples",Carlos Daly
6852793,"Dot Matrix Printer Tape Reel Labels, White, 5000/Box",Carlos Daly
6857677,"Dixon Ticonderoga Core-Lock Colored Pencils, 48-Color Set",Heather Kirkland
6861812,"Deflect-o SuperTray?Unbreakable Stackable Tray, Letter, Black",Jack Lebron
6863829,"Deflect-o EconoMat Studded, No Bevel Mat for Low Pile Carpeting",Dan Reichenbach
6865147,"Deflect-o RollaMat Studded, Beveled Mat for Medium Pile Carpeting",Jamie Kunitz
6865572,"Deflect-o RollaMat Studded, Beveled Mat for Medium Pile Carpeting",Joy Bell
6872319,"DAX Contemporary Wood Frame with Silver Metal Mat, Desktop, 11 x 14 Size",Barbara Fisher
6872433,"DAX Contemporary Wood Frame with Silver Metal Mat, Desktop, 11 x 14 Size",Dennis Bolton
6872733,"DAX Contemporary Wood Frame with Silver Metal Mat, Desktop, 11 x 14 Size",Jeremy Lonsdale
6874404,Deflect-o DuraMat Antistatic Studded Beveled Mat for Medium Pile Carpeting,Doug Bickford
6915168,Economy Binders,Gene Hale
6917382,"Elite 5"" Scissors",Cari Schnelling
6924833,Eldon?Gobal File Keepers,Christina Vanderza
6925463,"Executive Impressions 14""",Carlos Soltero
6927448,Eldon?Wave Desk Accessories,Doug Bickford
6927557,Eldon?Wave Desk Accessories,Jim Radford
6927639,Eldon Wave Desk Accessories,Doug Bickford
6927882,"Eureka Hand Vacuum, Bagless",Stewart Carmichael
6929289,Eldon Portable Mobile Manager,Dorothy Wardle
6929368,Eldon Portable Mobile Manager,Gene Hale
6929902,Eldon Pizzaz?Desk Accessories,Brendan Dodson
6931827,Electrix Halogen Magnifier Lamp,Michelle Lonsdale
6932161,Epson LQ-570e Dot Matrix Printer,Noah Childs
6932164,Euro Pro Shark Stick Mini Vacuum,Alex Avila
6932401,Euro Pro Shark Stick Mini Vacuum,Jack Lebron
6932442,Euro Pro Shark Stick Mini Vacuum,Joy Bell
6932781,Eldon?200 Class?Desk Accessories,Nicole Hansen
6932815,Epson LQ-570e Dot Matrix Printer,Edward Hooks
6933349,Epson DFX-8500 Dot Matrix Printer,Dorothy Wardle
6933650,Epson DFX5000+ Dot Matrix Printer,Don Jones
6936704,"Executive Impressions 12"" Wall Clock",Sanjit Chand
6938972,Epson Stylus 1520 Color Inkjet Printer,Carlos Daly
6940897,Eldon Simplefile?Box Office?Rob Haberlin,22980
6941258,Eldon Image Series Black Desk Accessories,Beth Thompson
6941759,Eldon Image Series Black Desk Accessories,Greg Guthrie
6942222,"Eldon?200 Class?Desk Accessories, Burgundy",Greg Guthrie
6943864,"Eldon Spacemaker?Box, Quick-Snap Lid, Clear",Anthony Johnson
6944575,"Eldon?Expressions?Wood Desk Accessories, Oak",Julia West
6945247,"Executive Impressions 14"" Contract Wall Clock",Christopher Schild
6945799,"Executive Impressions 13"" Chairman Wall Clock",Charlotte Melton
6945830,"Executive Impressions 14"" Contract Wall Clock",Greg Guthrie
6945942,"Executive Impressions 13"" Chairman Wall Clock",Sally Knutson
6946296,"Executive Impressions 13"" Clairmont Wall Clock",Dorothy Badders
6946877,"Eldon?400 Class?Desk Accessories, Black Carbon",Jim Sink
6947393,Eureka The Boss?Cordless Rechargeable Stick Vac,Sylvia Foulston
6948153,"Eldon Base for stackable storage shelf, platinum",Muhammed MacIntyre
6948896,Eldon Econocleat?Chair Mats for Low Pile Carpets,Beth Thompson
6949862,Eldon Cleatmat?Chair Mats for Medium Pile Carpets,Mike Pelletier
6951829,"Eldon Regeneration Recycled Desk Accessories, Smoke",Allen Rosenblatt
6953219,Eldon Radial Chair Mat for Low to Medium Pile Carpets,Julia West
6954147,Eldon Jumbo ProFile?Portable File Boxes Graphite/Black,Sally Knutson
6954987,Eldon Jumbo ProFile?Portable File Boxes Graphite/Black,Seth Vernon
6955584,"Executive Impressions 14"" Two-Color Numerals Wall Clock",Carl Ludwig
6957115,"Eldon Expressions?Desk Accessory, Wood Pencil Holder, Oak",Frank Price
6957331,"Eldon Expressions?Desk Accessory, Wood Pencil Holder, Oak",Beth Thompson
6957401,Eldon Advantage?Chair Mats for Low to Medium Pile Carpets,Emily Grady
6957535,"Eldon Expressions?Desk Accessory, Wood Pencil Holder, Oak",Anthony Johnson
6958440,Eldon Executive Woodline II Cherry Finish Desk Accessories,Carlos Soltero
6962681,Eldon ClusterMat Chair Mat with Cordless Antistatic Protection,Erica Bern
6963245,"Eureka Sanitaire ?Multi-Pro Heavy-Duty Upright, Disposable Bags",Brian Moss
6964398,Eureka Disposable Bags for Sanitaire?Vibra Groomer I?Upright Vac,Thomas Seio
6964519,Eureka Disposable Bags for Sanitaire?Vibra Groomer I?Upright Vac,Sally Knutson
6965271,"Executive Impressions 8-1/2"" Career Panel/Partition Cubicle Clock",Sanjit Chand
6972889,"Eldon Expressions Punched Metal & Wood Desk Accessories, Pewter & Cherry",Chuck Magee
6972942,"Eldon Expressions Punched Metal & Wood Desk Accessories, Pewter & Cherry",Justin Knight
7018622,Fuji 5.2GB DVD-RAM,Jack Garza
7025254,Fiskars?Softgrip Scissors,Luke Weiss
7025511,Fiskars?Softgrip Scissors,Julie Creighton
7025944,Fiskars?Softgrip Scissors,Charles McCrossin
7027263,"Fiskars 8"" Scissors, 2/Pack",Beth Thompson
7032158,Fellowes Super Stor/Drawer?Files,Joy Smith
7032169,Fellowes Super Stor/Drawer?Files,Christina DeMoss
7033229,Fellowes Neat Ideas?Storage Cubes,Dorothy Badders
7033511,Fellowes Staxonsteel?Drawer Files,Sanjit Chand
7033764,Fellowes Recycled Storage Drawers,Sonia Sunley
7033960,Fellowes Staxonsteel?Drawer Files,Heather Kirkland
7033987,Fellowes Recycled Storage Drawers,Allen Rosenblatt
7036642,"Fellowes Internet Keyboard, Platinum",Michelle Lonsdale
7036890,Fellowes Black Plastic Comb Bindings,Sylvia Foulston
7036904,Fellowes Black Plastic Comb Bindings,Hunter Glantz
7036982,Fellowes Black Plastic Comb Bindings,Anthony Johnson
7039707,"Fellowes Twister Kit, Gray/Clear, 3/pkg",Brendan Dodson
7039767,Fellowes Super Stor/Drawer?Harold Engle,11269
7041236,Fellowes 17-key keypad for PS/2 interface,Alan Barnes
7041239,"Fellowes Basic 104-Key Keyboard, Platinum",Ralph Knight
7041381,Fellowes 17-key keypad for PS/2 interface,Ann Chong
7041580,"Fellowes Basic 104-Key Keyboard, Platinum",Justin Knight
7041834,"Fellowes Basic 104-Key Keyboard, Platinum",Mike Pelletier
7041892,"Fellowes Basic 104-Key Keyboard, Platinum",Claudia Miner
7043438,Fellowes PB300 Plastic Comb Binding Machine,Grant Carroll
7044683,Fellowes Command Center 5-outlet power strip,Alan Barnes
7047472,Fellowes Stor/Drawer?Steel Plus?Storage Drawers,Nicole Hansen
7051605,"Fellowes Smart Surge Ten-Outlet Protector, Platinum",Hilary Holden
7054749,Fellowes 8 Outlet Superior Workstation Surge Protector,Sally Knutson
7057425,"Fellowes Strictly Business?Drawer File, Letter/Legal Size",Jennifer Braxton
7057605,"Fellowes Strictly Business?Drawer File, Letter/Legal Size",Guy Armstrong
7060481,Fellowes Bankers Box?Staxonsteel?Drawer File/Stacking System,Doug Bickford
7060899,Fellowes Bankers Box?Staxonsteel?Drawer File/Stacking System,Rob Haberlin
7071541,"Fellowes Smart Design 104-Key Enhanced Keyboard, PS/2 Adapter, Platinum",Doug Bickford
7075170,Fellowes PB500 Electric Punch Plastic Comb Binding Machine with Manual Bind,Jamie Kunitz
7075776,Fellowes PB500 Electric Punch Plastic Comb Binding Machine with Manual Bind,Grant Carroll
7076282,"Fellowes Premier Superior Surge Suppressor, 10-Outlet, With Phone and Remote",Michelle Arnett
7118409,GBC Binding covers,Harold Engle
7118449,GBC Binding covers,Michelle Lonsdale
7118751,GBC Binding covers,Joy Smith
7118809,GBC Binding covers,Alan Barnes
7122519,GBC Imprintable Covers,Paul Gonzalez
7124841,GBC Linen Binding Covers,Doug Bickford
7131773,Global Ergonomic Managers Chair,Sonia Sunley
7131796,Global Ergonomic Managers Chair,Sylvia Foulston
7132408,GBC Standard Therm-A-Bind Covers,Joy Smith
7132523,GBC Standard Therm-A-Bind Covers,Noah Childs
7132988,GBC Standard Therm-A-Bind Covers,Eugene Barchas
7134113,"Global Deluxe Stacking Chair, Gray",Hunter Glantz
7134218,"Global Deluxe Stacking Chair, Gray",Michelle Lonsdale
7134346,"Global Deluxe Stacking Chair, Gray",Philip Brown
7134416,GBC Recycled Grain Textured Covers,Doug Bickford
7135150,"GE 4 Foot Flourescent Tube, 40 Watt",Sylvia Foulston
7135339,Global Comet?Stacking Armless Chair,Michelle Lonsdale
7135417,"GE 4 Foot Flourescent Tube, 40 Watt",Jack Lebron
7135728,"GBC White Gloss Covers, Plain Front",Sonia Sunley
7138874,"Global Stack Chair without Arms, Black",Cari Schnelling
7139280,GBC DocuBind 200 Manual Binding Machine,Angele Hood
7139390,Global Adaptabilities?Conference Tables,Sonia Sunley
7139518,GBC VeloBinder Electric Binding Machine,Susan Vittorini
7139535,Global Adaptabilities?Conference Tables,Sylvia Foulston
7139633,GBC DocuBind 200 Manual Binding Machine,Harold Engle
7139715,GBC DocuBind 200 Manual Binding Machine,Jack Lebron
7139921,GBC Recycled Regency Composition Covers,Grant Carroll
7139930,GBC Recycled Regency Composition Covers,Bryan Mills
7139993,GBC VeloBinder Electric Binding Machine,Sonia Sunley
7140951,GBC DocuBind P100 Manual Binding Machine,Erica Bern
7141157,"Global High-Back Leather Tilter, Burgundy",Greg Guthrie
7141823,"Global High-Back Leather Tilter, Burgundy",Julia West
7141966,"Global High-Back Leather Tilter, Burgundy",Barry French
7142125,GBC DocuBind TL300 Electric Binding System,Susan Vittorini
7142560,GBC Standard Plastic Binding Systems Combs,Carlos Soltero
7142777,GBC Standard Plastic Binding Systems Combs,Joy Smith
7142839,GBC Standard Plastic Binding Systems Combs,Sally Knutson
7145208,"Global Leather and Oak Executive Chair, Black",Henry Goldwyn
7145411,"Global Leather and Oak Executive Chair, Black",Sylvia Foulston
7145432,"Global Leather and Oak Executive Chair, Black",Joy Smith
7145519,Global Troy?Executive Leather Low-Back Tilter,Henry Goldwyn
7145546,"Global Leather and Oak Executive Chair, Black",Guy Armstrong
7145587,Global Deluxe High-Back Office Chair in Storm,Michelle Lonsdale
7145821,Global Troy?Executive Leather Low-Back Tilter,Edward Hooks
7145936,"Global Leather and Oak Executive Chair, Black",Jim Karlsson
7145993,"Global Leather and Oak Executive Chair, Black",Bryan Mills
7149493,G.E. Longer-Life Indoor Recessed Floodlight Bulbs,Carlos Soltero
7149612,G.E. Longer-Life Indoor Recessed Floodlight Bulbs,Dorothy Badders
7155639,"GBC Twin Loop?Wire Binding Elements, 9/16"" Spine, Black",Edward Hooks
7156473,"GBC Laser Imprintable Binding System Covers, Desert Sand",Logan Haushalter
7157321,"GBC Prepunched Paper, 19-Hole, for Binding Systems, 24-lb",Jennifer Braxton
7157582,"GBC Prepunched Paper, 19-Hole, for Binding Systems, 24-lb",Logan Haushalter
7157885,"GBC Prepunched Paper, 19-Hole, for Binding Systems, 24-lb",Dorothy Wardle
7159289,"GBC Pre-Punched Binding Paper, Plastic, White, 8-1/2"" x 11""",Muhammed MacIntyre
7159473,"GBC Pre-Punched Binding Paper, Plastic, White, 8-1/2"" x 11""",Carl Ludwig
7159639,"GBC Pre-Punched Binding Paper, Plastic, White, 8-1/2"" x 11""",Don Jones
7161426,Global Enterprise Series Seating High-Back Swivel/Tilt Chairs,Muhammed MacIntyre
7161684,Global Enterprise Series Seating High-Back Swivel/Tilt Chairs,Jim Radford
7166275,"GE 48"" Fluorescent Tube, Cool White Energy Saver, 34 Watts, 30/Box",Logan Haushalter
7168628,"Gould Plastics 9-Pocket Panel Bin, 18-3/8w x 5-1/4d x 20-1/2h, Black",Justin Knight
7179850,"Global Leather Highback Executive Chair with Pneumatic Height Adjustment, Black",Mike Pelletier
7222740,Hon GuestStacker Chair,Harold Engle
7222863,Hon GuestStacker Chair,Eugene Barchas
7224132,Holmes HEPA Air Purifier,Carlos Daly
7224150,Heavy-Duty E-Z-D?Binders,Grant Carroll
7224232,Hon Olson Stacker Stools,Sylvia Foulston
7224691,Hon Olson Stacker Stools,Sonia Sunley
7224702,Holmes HEPA Air Purifier,Carlos Soltero
7224910,Hon Olson Stacker Stools,Carlos Daly
7226734,"Hon Metal Bookcases, Black",Guy Armstrong
7227143,Hon 4-Shelf Metal Bookcases,Harold Engle
7227257,Hon 4-Shelf Metal Bookcases,Sylvia Foulston
7227952,Hon 5100 Series Wood Tables,Jack Lebron
7228126,Hanging Personal Folder File,Charlotte Melton
7228302,Hanging Personal Folder File,Heather Kirkland
7228336,Holmes 99% HEPA Air Purifier,Skye Norling
7228520,Hanging Personal Folder File,Jamie Kunitz
7228880,Hanging Personal Folder File,Matt Collins
7229541,Hon 94000 Series Round Tables,Edward Hooks
7231654,Home/Office Personal File Carts,Fred Wasserman
7233247,Hoover Portapower?Portable Vacuum,Bryan Mills
7233259,Hoover Portapower?Portable Vacuum,Jim Radford
7234195,Hon iLevel?Computer Training Table,Joy Smith
7236256,Honeywell Quietcare HEPA Air Cleaner,Kimberly Carter
7236274,Hon Multipurpose Stacking Arm Chairs,Filia McAdams
7236936,Honeywell Quietcare HEPA Air Cleaner,Don Jones
7236975,Hon Multipurpose Stacking Arm Chairs,Sylvia Foulston
7237546,HP Office Paper (20Lb. and 87 Bright),Chad Cunningham
7237636,HP Office Paper (20Lb. and 87 Bright),Hilary Holden
7238585,Hoover WindTunnel?Plus Canister Vacuum,Greg Guthrie
7243599,High Speed Automatic Electric Letter Opener,Barry Weirich
7244904,Hoover?Commercial Lightweight Upright Vacuum,Jack Lebron
7245258,"Howard Miller 16"" Diameter Gallery Wall Clock",Charlotte Melton
7245400,"Howard Miller 16"" Diameter Gallery Wall Clock",Julia West
7245540,Hon Every-Day?Chair Series Swivel Task Chairs,Sonia Sunley
7245875,Hon Every-Day?Chair Series Swivel Task Chairs,Eugene Barchas
7246884,HP Office Recycled Paper (20Lb. and 87 Bright),Anna Andreadi
7249138,Hewlett-Packard Deskjet 6122 Color Inkjet Printer,Thomas Seio
7249201,Hon 4070 Series Pagoda?Round Back Stacking Chairs,Joy Bell
7249319,Holmes Harmony HEPA Air Purifier for 17 x 20 Room,Joy Smith
7249527,Hewlett-Packard Deskjet 5550 Color Inkjet Printer,Roy French
7249533,Hewlett-Packard Deskjet 5550 Color Inkjet Printer,Allen Rosenblatt
7249651,Hewlett-Packard Deskjet 6122 Color Inkjet Printer,Alan Barnes
7251536,"Howard Miller 11-1/2"" Diameter Ridgewood Wall Clock",Monica Federle
7251718,Hammermill Color Copier Paper (28Lb. and 96 Bright),Hilary Holden
7252785,Hammermill CopyPlus Copy Paper (20Lb. and 84 Bright),Skye Norling
7252847,Hammermill CopyPlus Copy Paper (20Lb. and 84 Bright),Marina Lichtenstei
7252893,Hammermill CopyPlus Copy Paper (20Lb. and 84 Bright),Carl Ludwig
7253111,Howard Miller 12-3/4 Diameter Accuwave DS ?Wall Clock,Kimberly Carter
7255217,Hon 2090 ?Pillow Soft?Series Mid Back Swivel/Tilt Chairs,Hilary Holden
7258432,"Hunt BOSTON?Vista?Battery-Operated Pencil Sharpener, Black",Evan Minnotte
7258542,Hon 4070 Series Pagoda?Armless Upholstered Stacking Chairs,Michelle Lonsdale
7258739,Hon 4070 Series Pagoda?Armless Upholstered Stacking Chairs,Angele Hood
7258927,"Holmes Replacement Filter for HEPA Air Cleaner, Large Room",Christopher Schild
7259285,"Hon Deluxe Fabric Upholstered Stacking Chairs, Rounded Back",Marina Lichtenstei
7259638,"Hon Deluxe Fabric Upholstered Stacking Chairs, Rounded Back",Julia West
7262341,"Howard Miller 13-3/4"" Diameter Brushed Chrome Round Wall Clock",Becky Castell
7264365,Hon 4700 Series Mobuis?Mid-Back Task Chairs with Adjustable Arms,Sonia Sunley
7264876,Honeywell Enviracaire?Portable Air Cleaner for up to 8 x 10 Room,Fred Wasserman
7264948,Hon 4700 Series Mobuis?Mid-Back Task Chairs with Adjustable Arms,Nicole Hansen
7266598,Honeywell Enviracaire Portable HEPA Air Cleaner for 17' x 22' Room,Cari Schnelling
7276585,"Holmes Replacement Filter for HEPA Air Cleaner, Very Large Room, HEPA Filter",Jack Lebron
7321260,Imation 5.2GB DVD-RAM,Carl Ludwig
7333442,"Imation 3.5 IBM Diskettes, 10/Box",Sylvia Foulston
7333673,Ibico Recycled Linen-Style Covers,Justin Knight
7335475,"IBM 80 Minute CD-R Spindle, 50/Pack",Joy Bell
7341132,"Imation IBM Formatted Diskettes, 100/Pack",Kimberly Carter
7342390,"Imation Neon Mac Format Diskettes, 10/Pack",Christopher Schild
7347363,"IBM Multi-Purpose Copy Paper, 8 1/2 x 11"", Case",Hilary Holden
7347391,Ibico EB-19 Dual Function Manual Binding System,Erica Bern
7347851,"IBM Multi-Purpose Copy Paper, 8 1/2 x 11"", Case",Eugene Barchas
7349372,Ibico Covers for Plastic or Wire Binding Elements,Heather Kirkland
7349546,Ibico Covers for Plastic or Wire Binding Elements,Joy Smith
7349602,Ibico Covers for Plastic or Wire Binding Elements,Beth Thompson
7351182,"Imation 3.5, DISKETTE 44766 HGHLD3.52HD/FM, 10/Pack",Claudia Miner
7351412,"Imation 3.5"" DS/HD IBM Formatted Diskettes, 10/Pack",Don Miller
7351746,"Imation 3.5"" DS/HD IBM Formatted Diskettes, 50/Pack",Eugene Barchas
7352651,"Imation 3.5"", DISKETTE 44766 HGHLD3.52HD/FM, 10/Pack",Cindy Schnelling
7352952,"Imation 3.5"", DISKETTE 44766 HGHLD3.52HD/FM, 10/Pack",Doug Bickford
7355601,"Imation Printable White 80 Minute CD-R Spindle, 50/Pack",Christina Vanderza
7356127,"Imation Primaris 3.5"" 2HD Unformatted Diskettes, 10/Pack",Christina Vanderza
7357585,"Imation 3.5"" DS-HD Macintosh Formatted Diskettes, 10/Pack",Roy Skaria
7357966,"Imation 3.5"" DS-HD Macintosh Formatted Diskettes, 10/Pack",Kimberly Carter
7445719,Jet-Pak Recycled Peel 'N' Seal Padded Mailers,Sonia Sunley
7525917,Keytronic French Keyboard,Sonia Sunley
7534159,Keytronic 105-Key Spanish Keyboard,Sonia Sunley
7542906,Keytronic Designer 104- Key Black Keyboard,Jennifer Braxton
7542942,Keytronic Designer 104- Key Black Keyboard,Christopher Schild
7544886,Kensington 7 Outlet MasterPiece Power Center,Michelle Lonsdale
7544929,Kensington 7 Outlet MasterPiece Power Center,Grant Carroll
7556304,Kleencut?Forged Office Shears by Acme United Corporation,Justin Knight
7563630,Kensington 7 Outlet MasterPiece?HOMEOFFICE Power Control Center,Matt Collins
7575690,Kensington 7 Outlet MasterPiece Power Center with Fax/Phone Line Protection,Carl Jackson
7624183,Logitech Access Keyboard,Guy Armstrong
7626934,Laminate Occasional Tables,Sally Knutson
7627165,Logitech Cordless Elite Duo,Giulietta Baptist
7627238,Lock-Up Easel 'Spel-Binder',Anthony Johnson
7627292,Lock-Up Easel 'Spel-Binder',Jack Lebron
7627305,Lock-Up Easel 'Spel-Binder',Michelle Arnett
7627569,Luxo Economy Swing Arm Lamp,Cindy Schnelling
7627659,Lock-Up Easel 'Spel-Binder',Roy Skaria
7627694,Logitech Cordless Elite Duo,Carlos Soltero
7631166,Logitech Cordless Navigator Duo,Joy Smith
7632957,Lexmark Z25 Color Inkjet Printer,Eugene Barchas
7634132,Laser & Ink Jet Business Envelopes,Dorothy Wardle
7634362,Lexmark Z55se Color Inkjet Printer,Harold Engle
7634732,Lexmark Z54se Color Inkjet Printer,Luke Weiss
7636506,Logitech Internet Navigator Keyboard,Emily Grady
7636752,"Linden?12"" Wall Clock With Oak Frame",Julia West
7636920,"Linden?12"" Wall Clock With Oak Frame",Doug Bickford
7643552,"Lifetime Advantage?Folding Chairs, 4/Carton",Jeremy Lonsdale
7643691,"Lifetime Advantage?Folding Chairs, 4/Carton",Grant Carroll
7644599,Luxo Professional Combination Clamp-On Lamps,Beth Paige
7651280,"Lesro Round Back Collection Coffee Table, End Table",Dorothy Badders
7651504,"Lesro Round Back Collection Coffee Table, End Table",Guy Armstrong
7678763,"Lesro Sheffield Collection Coffee Table, End Table, Center Table, Corner Table",Anna Andreadi
7678885,"Lesro Sheffield Collection Coffee Table, End Table, Center Table, Corner Table",Sylvia Foulston
7718910,Multimedia Mailers,Doug Bickford
7720233,Maxell DVD-RAM Discs,Barbara Fisher
7727383,"Memorex 4.7GB DVD+R, 3/Pack",Anthony Johnson
7727472,Motorola SB4200 Cable Modem,Sonia Sunley
7727485,Microsoft Internet Keyboard,Muhammed MacIntyre
7727612,Microsoft Internet Keyboard,Dorothy Wardle
7728253,"Memorex 4.7GB DVD+RW, 3/Pack",Matt Collins
7728494,"Memorex 4.7GB DVD+RW, 3/Pack",Joy Smith
7728964,"Memorex 4.7GB DVD+RW, 3/Pack",Beth Thompson
7729239,"Memorex 4.7GB DVD-RAM, 3/Pack",Emily Grady
7729666,"Memorex 4.7GB DVD-RAM, 3/Pack",Clay Rozendal
7730711,Micro Innovations 104 Keyboard,Giulietta Baptist
7730712,Micro Innovations 104 Keyboard,Julie Creighton
7730832,Micro Innovations 104 Keyboard,Barry French
7731539,"Memorex 80 Minute CD-R, 30/Pack",Fred Wasserman
7733374,Martin-Yale Premier Letter Opener,Jenna Caffey
7736306,"Memorex Slim 80 Minute CD-R, 10/Pack",Monica Federle
7737329,Magna Visual Magnetic Picture Hangers,Paul Gonzalez
7737356,Microsoft Natural Multimedia Keyboard,Grant Carroll
7737389,"Metal Folding Chairs, Beige, 4/Carton",Annie Cyprus
7740493,"Memorex 80 Minute CD-R Spindle, 100/Pack",Michelle Lonsdale
7741234,"Master Giant Foot?Doorstop, Safety Yellow",Rob Haberlin
7741358,"Master Giant Foot?Doorstop, Safety Yellow",Brad Eason
7744264,"Micro Innovations Micro 3000 Keyboard, Black",Muhammed MacIntyre
7744312,"Micro Innovations Micro 3000 Keyboard, Black",Sally Knutson
7750585,"Maxell 3.5"" DS/HD IBM-Formatted Diskettes, 10/Pack",Carl Ludwig
7758350,"Manila Recycled Extra-Heavyweight Clasp Envelopes, 6"" x 9""",Guy Armstrong
7764896,"Multi-Use Personal File Cart and Caster Set, Three Stacking Bins",Frank Price
7765676,"Micro Innovations Micro Digital Wireless Keyboard and Mouse, Gray",Erica Bern
7765937,"Micro Innovations Micro Digital Wireless Keyboard and Mouse, Gray",Giulietta Baptist
7810119,Newell 323,Gene Hale
7810245,Newell 337,Guy Armstrong
7810265,Newell 318,Muhammed MacIntyre
7810274,Newell 312,Carlos Soltero
7810363,Newell 326,Doug Bickford
7810448,Newell 314,Sonia Sunley
7810449,Newell 312,Stewart Carmichael
7810471,Newell 323,Adrian Hane
7810516,Newell 310,Carlos Daly
7810565,Newell 315,Justin Knight
7810573,Newell 342,Greg Guthrie
7810575,Newell 327,Dorothy Badders
7810592,Newell 323,Nicole Hansen
7810597,Newell 323,Carlos Soltero
7810699,Newell 312,Beth Thompson
7810823,Newell 335,Greg Guthrie
7810915,Newell 312,Erica Bern
7810927,Newell 343,Mike Pelletier
7810950,Newell 336,Giulietta Baptist
7810988,Newell 335,Don Miller
7826385,Nu-Dell Leatherette Frames,Gene Hale
7826830,Nu-Dell Leatherette Frames,Jack Lebron
7832837,Novimex Swivel Fabric Task Chair,Gene Hale
7866396,Newell?3-Hole Punched Plastic Slotted Magazine Holders for Binders,Dorothy Wardle
7939289,O'Sullivan 3-Shelf Heavy-Duty Bookcases,Carl Jackson
7939289,O'Sullivan 2-Shelf Heavy-Duty Bookcases,Thomas Seio
7939390,Okidata ML395C Color Dot Matrix Printer,Dorothy Badders
7939695,Okidata ML390 Turbo Dot Matrix Printers,Dorothy Wardle
7939763,O'Sullivan 3-Shelf Heavy-Duty Bookcases,Doug Bickford
7939801,Okidata ML390 Turbo Dot Matrix Printers,Evan Minnotte
7945353,"O'Sullivan Elevations Bookcase, Cherry Finish",Barbara Fisher
7945875,"O'Sullivan Elevations Bookcase, Cherry Finish",Sonia Sunley
7951307,O'Sullivan Manor Hill 2-Door Library in Brianna Oak,Kimberly Carter
7952418,Office Star - Task Chair with Contemporary Loop Arms,Rob Haberlin
7952463,Office Star Flex Back Scooter Chair with White Frame,Joy Smith
7952659,Office Star Flex Back Scooter Chair with White Frame,Rob Haberlin
7962466,Office Star Flex Back Scooter Chair with Aluminum Finish Frame,Carlos Soltero
7977744,"Office Star - Contemporary Task Swivel chair with 2-way adjustable arms, Plum",Becky Castell
7989568,Office Star - Mid Back Dual function Ergonomic High Back Chair with 2-Way Adjust,Sonia Sunley
7989859,Office Star - Mid Back Dual function Ergonomic High Back Chair with 2-Way Adjust,Gene Hale
7989902,Office Star - Mid Back Dual function Ergonomic High Back Chair with 2-Way Adjust,Alex Avila
8024247,Prang Drawing Pencil Set,Emily Grady
8024248,Prang Drawing Pencil Set,Chuck Magee
8024326,Prang Drawing Pencil Set,Jack Lebron
8024534,Prang Drawing Pencil Set,Beth Thompson
8026230,Poly Designer Cover & Back,Don Miller
8026814,Portable Personal File Box,Carl Ludwig
8026898,Portable Personal File Box,Brendan Dodson
8026940,Poly Designer Cover & Back,Jeremy Lonsdale
8026944,Project Tote Personal File,Matt Collins
8028258,Prismacolor Color Pencil Set,Jamie Kunitz
8028766,Prismacolor Color Pencil Set,Roy Skaria
8030236,Presstex Flexible Ring Binders,Chad Cunningham
8034985,Peel & Stick Add-On Corner Pockets,Susan Vittorini
8036310,Pizazz?Global Quick File?Alan Barnes,33444
8037193,Panasonic KX-P3200 Dot Matrix Printer,Sanjit Chand
8037294,Panasonic KX-P1150 Dot Matrix Printer,Dorothy Badders
8037566,Panasonic KX-P1150 Dot Matrix Printer,Claudia Miner
8037835,"Premier Elliptical Ring Binder, Black",Rob Haberlin
8039739,Plymouth Boxed Rubber Bands by Plymouth,Carlos Soltero
8041238,PC Concepts 116 Key Quantum 3000 Keyboard,Doug Bickford
8041998,PC Concepts 116 Key Quantum 3000 Keyboard,Chuck Magee
8043515,Personal Creations?Ink Jet Cards and Labels,Skye Norling
8045428,"Peel & Seel?Recycled Catalog Envelopes, Brown",Thomas Seio
8045975,"Peel & Seel?Recycled Catalog Envelopes, Brown",Joy Bell
8046695,Premium Transparent Presentation Covers by GBC,Beth Thompson
8050891,Polycom ViaVideo?Desktop Video Communications Unit,Rick Reed
8053334,Panasonic KP-310 Heavy-Duty Electric Pencil Sharpener,Andrew Gjertsen
8055104,Polycom ViewStation?Adapter H323 Videoconferencing Unit,Sylvia Foulston
8059196,Panasonic KP-350BK Electric Pencil Sharpener with Auto Stop,Matt Collins
8062212,"Pressboard Covers with Storage Hooks, 9 1/2"" x 11"", Light Blue",Sonia Sunley
8062417,"Pressboard Covers with Storage Hooks, 9 1/2"" x 11"", Light Blue",Justin Knight
8062596,"Pressboard Covers with Storage Hooks, 9 1/2"" x 11"", Light Blue",Erica Bern
8063943,"Perma STOR-ALL?Hanging File Box, 13 1/8""W x 12 1/4""D x 10 1/2""H",Brad Eason
8065503,"Panasonic All Digital Answering System with Caller ID*, KX-TM150B",Marina Lichtenstei
8218885,Round Ring Binders,Kimberly Carter
8235503,Rediform S.O.S. Phone Message Books,Seth Vernon
8235856,Revere Boxed Rubber Bands by Revere,Beth Paige
8238149,Recycled Eldon Regeneration Jumbo File,Claudia Miner
8238254,Recycled Eldon Regeneration Jumbo File,Doug Bickford
8238316,Recycled Eldon Regeneration Jumbo File,Jennifer Braxton
8238355,Recycled Eldon Regeneration Jumbo File,Carlos Daly
8243755,Recycled Premium Regency Composition Covers,Harold Engle
8245227,Rush Hierlooms Collection Rich Wood Bookcases,Grant Carroll
8251649,Riverleaf Stik-Withit?Designer Note Cubes?Joy Smith,22695
8254852,Recycled Steel Personal File for Standard File Folders,Becky Castell
8256125,"Rediform Wirebound ""Phone Memo"" Message Book, 11 x 5-3/4",Monica Federle
8256636,"Rediform Wirebound ""Phone Memo"" Message Book, 11 x 5-3/4",Neola Schneider
8261636,"Riverside Palais Royal Lawyers Bookcase, Royale Cherry Finish",Julia West
8263977,"Recycled Desk Saver Line ""While You Were Out"" Book, 5 1/2"" X 4""",Dan Reichenbach
8270570,"Recycled Interoffice Envelopes with String and Button Closure, 10 x 13",Susan Vittorini
8270669,"Recycled Interoffice Envelopes with String and Button Closure, 10 x 13",Mike Pelletier
8284196,"Rubbermaid ClusterMat Chairmats, Mat Size- 66"" x 60"", Lip 20"" x 11"" -90 Degree A",Hilary Holden
8284431,"Rubbermaid ClusterMat Chairmats, Mat Size- 66"" x 60"", Lip 20"" x 11"" -90 Degree A",Hilary Holden
8312302,StarTAC 6500,Alex Avila
8312393,StarTAC 3000,Seth Vernon
8312506,StarTAC 7760,Luke Weiss
8312601,StarTAC 7760,Michelle Arnett
8312667,StarTAC 7760,Joy Smith
8314221,StarTAC ST7762,Ann Chong
8314776,StarTAC Series,Bryan Mills
8319272,Staples Paper Clips,Charles McCrossin
8319807,Stockwell Push Pins,Jeremy Lonsdale
8320109,Staples Bulldog Clip,Charlotte Melton
8320214,"Super Bands, 12/Pack",Michelle Arnett
8321588,Surelock?Post Binders,Don Jones
8322214,Staples 6 Outlet Surge,Brendan Dodson
8322656,Staples 6 Outlet Surge,Nicole Hansen
8322991,Staples 6 Outlet Surge,Anthony Johnson
8324164,SAFCO Arco Folding Chair,Brian Moss
8324659,SAFCO Arco Folding Chair,Grant Carroll
8324812,SAFCO Arco Folding Chair,Alan Barnes
8326598,Staples Standard Envelopes,Jim Sink
8326805,Staples Standard Envelopes,Greg Guthrie
8327474,SAFCO Folding Chair Trolley,Helen Abelman
8328589,Strathmore Photo Mount Cards,Anna Andreadi
8330147,Sharp AL-1530CS Digital Copier,Carlos Soltero
8330291,Sharp AL-1530CS Digital Copier,Sanjit Chand
8330494,Sharp AL-1530CS Digital Copier,Evan Minnotte
8330650,"Seth Thomas 13 1/2"" Wall Clock",Matt Collins
8330756,Sharp AL-1530CS Digital Copier,Jack Lebron
8330889,Sharp AL-1530CS Digital Copier,Charles McCrossin
8331958,Safco Contoured Stacking Chairs,Filia McAdams
8332159,Satellite Sectional Post Binders,Barry Weirich
8332346,Staples Vinyl Coated Paper Clips,Muhammed MacIntyre
8332426,Sharp EL500L Fraction Calculator,Joy Smith
8332602,Sharp EL500L Fraction Calculator,Guy Armstrong
8332608,Self-Adhesive Ring Binder Labels,Carlos Soltero
8332759,Staples Vinyl Coated Paper Clips,Chad Cunningham
8332810,Self-Adhesive Ring Binder Labels,Justin Knight
8333728,Sharp 1540cs Digital Laser Copier,Erica Bern
8333809,Staples SlimLine Pencil Sharpener,Grant Carroll
8333894,Sterling Rubber Bands by Alliance,Charlotte Melton
8333907,SANFORD Major Accent?Highlighters,Adrian Hane
8334243,Staples?General Use 3-Ring Binders,Beth Paige
8334379,Staples?General Use 3-Ring Binders,Sarah Foster
8334454,Sanford Liquid Accent Highlighters,Giulietta Baptist
8334762,Sanford Liquid Accent Highlighters,Christopher Schild
8334924,Staples Colored Bar Computer Paper,Chad Cunningham
8337270,"SAFCO Commercial Wire Shelving, Black",Charles McCrossin
8337620,"SAFCO Commercial Wire Shelving, Black",Monica Federle
8338390,"Seth Thomas 12"" Clock w/ Goldtone Case",Sanjit Chand
8339717,"SAFCO Mobile Desk Side File, Wire Frame",Carl Jackson
8340575,"Strathmore #10 Envelopes, Ultimate White",Sanjit Chand
8341407,"Sanford Colorific Colored Pencils, 12/Box",Christina Vanderza
8341800,"Staples Vinyl Coated Paper Clips, 800/Box",Michelle Arnett
8344287,"Speediset Carbonless Redi-Letter?7"" x 8 1/2""",Chad Cunningham
8345209,Sanford 52201 APSCO Electric Pencil Sharpener,Sally Knutson
8345634,SANFORD Liquid Accent?Tank-Style Highlighters,Joy Smith
8345710,SANFORD Liquid Accent?Tank-Style Highlighters,Jamie Kunitz
8345924,SANFORD Liquid Accent?Tank-Style Highlighters,Annie Cyprus
8347401,"Staples Wirebound Steno Books, 6"" x 9"", 12/Pack",Delfina Latchford
8347970,Spiral Phone Message Books with Labels by Adams,Jim Radford
8348188,"Sauder Forest Hills Library, Woodland Oak Finish",Angele Hood
8348723,"Sauder Forest Hills Library, Woodland Oak Finish",Greg Guthrie
8349844,Staples Battery-Operated Desktop Pencil Sharpener,Ralph Arnett
8350293,Sanyo 2.5 Cubic Foot Mid-Size Office Refrigerators,Anthony Johnson
8350666,"Sauder Facets Collection Library, Sky Alder Finish",Beth Thompson
8350669,Staples Premium Bright 1-Part Blank Computer Paper,Noah Childs
8350945,Sanyo 2.5 Cubic Foot Mid-Size Office Refrigerators,Don Miller
8351503,Serrated Blade or Curved Handle Hand Letter Openers,Emily Grady
8351732,Serrated Blade or Curved Handle Hand Letter Openers,Sonia Sunley
8351823,Serrated Blade or Curved Handle Hand Letter Openers,Erica Bern
8352588,Southworth 25% Cotton Antique Laid Paper & Envelopes,Sanjit Chand
8352661,Southworth 25% Cotton Antique Laid Paper & Envelopes,Erica Bern
8354547,"Soundgear Copyboard Conference Phone, Optional Battery",Bryan Mills
8355515,Southworth 25% Cotton Premium Laser Paper and Envelopes,Monica Federle
8355692,Southworth 25% Cotton Premium Laser Paper and Envelopes,Hilary Holden
8357150,Self-Adhesive Address Labels for Typewriters by Universal,Charles McCrossin
8357444,Self-Adhesive Address Labels for Typewriters by Universal,Toby Braunhardt
8357742,Self-Adhesive Address Labels for Typewriters by Universal,Alan Barnes
8357851,Self-Adhesive Address Labels for Typewriters by Universal,Sonia Sunley
8362618,"Sauder Facets Collection Locker/File Cabinet, Sky Alder Finish",Jim Radford
8362993,"Staples #10 Laser & Inkjet Envelopes, 4 1/8"" x 9 1/2"", 100/Box",Guy Armstrong
8364208,"Snap-A-Way?Black Print Carbonless Ruled Speed Letter, Triplicate",Giulietta Baptist
8364733,"Snap-A-Way?Black Print Carbonless Ruled Speed Letter, Triplicate",Joy Smith
8365539,Standard Line??While You Were Out?Hardbound Telephone Message Book,Eugene Barchas
8369246,SouthWestern Bell FA970 Digital Answering Machine with Time/Day Stamp,Sylvia Foulston
8373291,"Snap-A-Way?Black Print Carbonless Speed Message, No Reply Area, Duplicate",Jamie Kunitz
8380215,"SAFCO PlanMaster Heigh-Adjustable Drafting Table Base, 43w x 30d x 30-37h, Black",Bryan Mills
8380661,"SAFCO PlanMaster Heigh-Adjustable Drafting Table Base, 43w x 30d x 30-37h, Black",Doug Bickford
8382982,"Sharp EL501VB Scientific Calculator, Battery Operated, 10-Digit Display, Hard Ca",Logan Haushalter
8383342,"Staples Pen Style Liquid Stix; Assorted (yellow, pink, green, blue, orange), 5/P",Muhammed MacIntyre
8414106,Timeport L7089,Jack Lebron
8414675,Timeport L7089,Annie Cyprus
8415530,TDK 4.7GB DVD-R,Dorothy Wardle
8415604,Talkabout T8367,Helen Abelman
8415908,TDK 4.7GB DVD-R,Kelly Williams
8416955,TDK 4.7GB DVD+RW,Anthony Johnson
8421207,"Tennsco Lockers, Sand",Guy Armstrong
8421737,"Tennsco Lockers, Gray",Carlos Soltero
8427151,Tennsco Double-Tier Lockers,Heather Kirkland
8427162,Tennsco Industrial Shelving,Jim Sink
8427454,Tennsco Industrial Shelving,Muhammed MacIntyre
8427663,Tennsco Commercial Shelving,Guy Armstrong
8433238,Telescoping Adjustable Floor Lamp,Joy Smith
8433472,Telescoping Adjustable Floor Lamp,Michelle Arnett
8433784,Telescoping Adjustable Floor Lamp,Henry Goldwyn
8433799,Telescoping Adjustable Floor Lamp,Greg Guthrie
8434425,TI 36X Solar Scientific Calculator,Jack Lebron
8438307,Turquoise Lead Holder with Pocket Clip,Carlos Soltero
8450241,Tenex B1-RE Series Chair Mats for Low Pile Carpets,Philip Brown
8452573,"Tenex File Box, Personal Filing Tote with Lid, Black",Susan Vittorini
8452931,"Tenex File Box, Personal Filing Tote with Lid, Black",Justin Knight
8453292,"Tyvek ?Top-Opening Peel & Seel Envelopes, Plain White",Kelly Williams
8454339,"Tyvek Interoffice Envelopes, 9 1/2"" x 12 1/2"", 100/Box",Sally Knutson
8455503,"TOPS Money Receipt Book, Consecutively Numbered in Red,",Alex Avila
8455718,"TOPS Money Receipt Book, Consecutively Numbered in Red,",Helen Abelman
8455980,"TOPS Money Receipt Book, Consecutively Numbered in Red,",Sally Knutson
8458220,"Tenex Personal Project File with Scoop Front Design, Black",Carlos Soltero
8458249,"Tenex Personal Self-Stacking Standard File Box, Black/Gray",Michelle Arnett
8465143,"Telephone Message Books with Fax/Mobile Section, 5 1/2"" x 3 3/16""",Skye Norling
8465574,"Tenex 46"" x 60"" Computer Anti-Static Chairmat, Rectangular Shaped",Thomas Seio
8465829,"Tenex 46"" x 60"" Computer Anti-Static Chairmat, Rectangular Shaped",Hilary Holden
8472498,"Tennsco Snap-Together Open Shelving Units, Starter Sets and Add-On Units",Jack Lebron
8472619,"Tennsco Snap-Together Open Shelving Units, Starter Sets and Add-On Units",Bryan Davis
8475383,"Tenex Carpeted, Granite-Look or Clear Contemporary Contour Shape Chair Mats",Justin Knight
8487317,"Tenex Contemporary Contur Chairmats for Low and Medium Pile Carpet, Computer, 39",Beth Thompson
8519784,Unpadded Memo Slips,Don Jones
8537339,U.S. Robotics 56K Internet Call Modem,Dorothy Wardle
8537499,U.S. Robotics 56K Internet Call Modem,Jack Lebron
8537717,U.S. Robotics 56K Internet Call Modem,Anthony Johnson
8538554,US Robotics 56K V.92 External Faxmodem,Heather Kirkland
8545453,Ultra Commercial Grade Dual Valve Door Closer,Neola Schneider
8613294,V 3600 Series,Jack Lebron
8635553,Verbatim DVD-R 4.7GB authoring disc,Alex Avila
8635661,Verbatim DVD-R 4.7GB authoring disc,Alan Barnes
8635747,Verbatim DVD-R 4.7GB authoring disc,Neola Schneider
8647734,"Verbatim DVD-RAM, 5.2GB, Rewritable, Type 1, DS",Rob Haberlin
8647754,"Verbatim DVD-RAM, 5.2GB, Rewritable, Type 1, DS",Helen Abelman
8647919,"Verbatim DVD-RAM, 5.2GB, Rewritable, Type 1, DS",Erica Bern
8662247,"Verbatim DVD-RAM, 9.4GB, Rewritable, Type 1, DS, DataLife Plus",Joy Smith
8662446,"Verbatim DVD-RAM, 9.4GB, Rewritable, Type 1, DS, DataLife Plus",Henry Goldwyn
8662489,"Verbatim DVD-RAM, 9.4GB, Rewritable, Type 1, DS, DataLife Plus",Cari Schnelling
8664965,VTech VT20-2481 2.4GHz Two-Line Phone System w/Answering Machine,Jim Radford
8726700,White GlueTop Scratch Pads,Joy Smith
8727306,Wilson Jones Impact Binders,Filia McAdams
8732393,Wirebound Voice Message Log Book,Rob Haberlin
8734995,"Wirebound Message Book, 4 per Page",Joy Smith
8736359,Wilson Jones DublLock?D-Ring Binders,Justin Knight
8736369,Wilson Jones DublLock?D-Ring Binders,Kelly Williams
8736916,Wilson Jones DublLock?D-Ring Binders,Julie Creighton
8736994,Wilson Jones DublLock?D-Ring Binders,Delfina Latchford
8737118,Wilson Jones?Four-Pocket Poly Binders,Justin Knight
8743293,"Wilson Jones Hanging View Binder, White, 1""",Susan Vittorini
8743947,"Wilson Jones Hanging View Binder, White, 1""",Justin Knight
8744350,Wausau Papers Astrobrights?Colored Envelopes,Sanjit Chand
8744971,Wausau Papers Astrobrights?Colored Envelopes,Carlos Soltero
8745544,"Wilson Jones 1"" Hanging DublLock?Ring Binders",Eugene Barchas
8745998,"Wilson Jones 1"" Hanging DublLock?Ring Binders",Claudia Miner
8754282,"Wilson Jones Ledger-Size, Piano-Hinge Binder, 2"", Blue",Evan Minnotte
8754427,"Wilson Jones Ledger-Size, Piano-Hinge Binder, 2"", Blue",Greg Guthrie
8754939,"Wirebound Message Books, 2 7/8"" x 5"", 3 Forms per Page",Thomas Seio
8759308,Wilson Jones 14 Line Acrylic Coated Pressboard Data Binders,Cari Schnelling
8775703,"Wirebound Message Books, Four 2 3/4"" x 5"" Forms per Page, 600 Sets per Book",Justin Knight
8775748,"Wirebound Message Books, Four 2 3/4"" x 5"" Forms per Page, 600 Sets per Book",Doug Bickford
8782780,"White Business Envelopes with Contemporary Seam, Recycled White Business Envelop",Claudia Miner
8795617,"White Dual Perf Computer Printout Paper, 2700 Sheets, 1 Part, Heavyweight, 20 lb",Don Miller
8810122,Xerox 1891,Joy Bell
8810130,Xerox 1985,Dan Reichenbach
8810131,Xerox 1941,Harold Engle
8810133,Xerox 1891,Sonia Sunley
8810155,Xerox 1882,Claudia Miner
8810173,Xerox 1905,Doug Bickford
8810191,Xerox 1897,Charles McCrossin
8810271,Xerox 1966,Grant Carroll
8810289,Xerox 1891,Christina Vanderza
8810296,Xerox 1891,Christina DeMoss
8810303,Xerox 1977,Susan Vittorini
8810319,Xerox 1920,Frank Atkinson
8810320,Xerox 1936,Nicole Hansen
8810347,Xerox 1928,Joy Smith
8810367,Xerox 1930,Clay Rozendal
8810401,Xerox 1935,Muhammed MacIntyre
8810407,Xerox 1904,Beth Paige
8810417,Xerox 1953,Erica Bern
8810419,Xerox 1939,Joy Smith
8810424,Xerox 1971,Dorothy Wardle
8810432,Xerox 1929,Fred Wasserman
8810447,Xerox 1885,Cari Schnelling
8810449,Xerox 1924,Carlos Soltero
8810516,Xerox 1932,Muhammed MacIntyre
8810545,Xerox 1887,Joy Bell
8810546,Xerox 1892,Ann Chong
8810564,Xerox 1995,Sonia Sunley
8810591,Xerox 1881,Annie Cyprus
8810600,Xerox 1906,Grant Carroll
8810613,Xerox 1994,Jim Sink
8810618,Xerox 1980,Neola Schneider
8810636,Xerox 1978,Rick Duston
8810664,Xerox 1893,Delfina Latchford
8810708,Xerox 1983,Anna Andreadi
8810714,Xerox 1992,Filia McAdams
8810715,Xerox 1936,Dan Reichenbach
8810718,Xerox 1995,Anthony Johnson
8810735,Xerox 1982,Fred Wasserman
8810754,Xerox 1920,Evan Minnotte
8810756,Xerox 1905,Dennis Bolton
8810762,Xerox 1993,Kimberly Carter
8810781,Xerox 1976,Carlos Soltero
8810792,Xerox 1971,Luke Weiss
8810796,Xerox 1885,Joy Smith
8810806,Xerox 1989,Helen Abelman
8810817,Xerox 1898,Greg Guthrie
8810843,Xerox 1919,Seth Vernon
8810880,Xerox 1940,Monica Federle
8810890,Xerox 1982,Don Miller
8810908,Xerox 1899,Kimberly Carter
8810935,Xerox 1978,Joy Smith
8810936,Xerox 1995,Philip Brown
8810985,Xerox 1983,Justin Knight
8810987,Xerox 1982,Nicole Hansen
8826469,Xerox Blank Computer Paper,Anthony Johnson
8831183,X-Rack?File for Hanging Folders,Harold Engle
8831606,X-Rack?File for Hanging Folders,Gene Hale
8850634,XtraLife?ClearVue?Slant-D?Ring Binders by Cardinal,Brad Eason
8867833,Xerox 4200 Series MultiUse Premium Copy Paper (20Lb. and 84 Bright),Edward Hooks
9031537,Zoom V.92 USB External Faxmodem,Jack Lebron
9051324,Zoom V.92 V.44 PCI Internal Controllerless FaxModem,Erica Bern
,"""Memo Book",100 Message Capaci
,"""Adams Phone Message Book",Professional
